{"level":"info","message":"✅ Database connected successfully","service":"taskforge-backend","timestamp":"2026-05-16 12:48:38"}
{"level":"info","message":"\n╔════════════════════════════════════════╗\n║  🚀 TaskForge Server Started           ║\n║  Port: 5000                             ║\n║  Environment: development        ║\n║  API Docs: http://localhost:5000/api/docs ║\n╚════════════════════════════════════════╝\n      ","service":"taskforge-backend","timestamp":"2026-05-16 12:48:38"}
{"level":"info","message":"OPTIONS /api/v1/users/logout","service":"taskforge-backend","timestamp":"2026-05-16 12:55:12"}
{"level":"info","message":"POST /api/v1/users/logout","service":"taskforge-backend","timestamp":"2026-05-16 12:55:12"}
{"level":"info","message":"OPTIONS /api/v1/users/login","service":"taskforge-backend","timestamp":"2026-05-16 12:55:19"}
{"level":"info","message":"POST /api/v1/users/login","service":"taskforge-backend","timestamp":"2026-05-16 12:55:19"}
{"level":"info","message":"OPTIONS /api/v1/auth/login","service":"taskforge-backend","timestamp":"2026-05-16 12:59:26"}
{"level":"info","message":"POST /api/v1/auth/login","service":"taskforge-backend","timestamp":"2026-05-16 12:59:26"}
{"data":null,"errors":[],"level":"error","message":"Login error: Invalid email or password","name":"UnauthorizedError","service":"taskforge-backend","stack":"UnauthorizedError: Invalid email or password\n    at AuthService.login (file:///C:/Users/farma/OneDrive/Desktop/Team%20Task%20Manager/backend-auth/src/services/auth.service.js:64:15)\n    at process.processTicksAndRejections (node:internal/process/task_queues:105:5)\n    at async file:///C:/Users/farma/OneDrive/Desktop/Team%20Task%20Manager/backend-auth/src/controllers/auth.controller.js:22:18\n    at async file:///C:/Users/farma/OneDrive/Desktop/Team%20Task%20Manager/backend-auth/src/utils/helpers.js:3:5","statusCode":401,"success":false,"timestamp":"2026-05-16 12:59:26"}
{"error":{"data":null,"errors":[],"name":"UnauthorizedError","statusCode":401,"success":false},"level":"error","message":"401 Invalid email or password","service":"taskforge-backend","timestamp":"2026-05-16 12:59:26"}
{"level":"info","message":"OPTIONS /api/v1/auth/refresh-token","service":"taskforge-backend","timestamp":"2026-05-16 12:59:26"}
{"level":"info","message":"POST /api/v1/auth/refresh-token","service":"taskforge-backend","timestamp":"2026-05-16 12:59:26"}
{"error":{"data":null,"errors":[{"field":"refreshToken","message":"\"refreshToken\" must be a string"}],"name":"ValidationError","statusCode":400,"success":false},"level":"error","message":"400 Validation failed","service":"taskforge-backend","timestamp":"2026-05-16 12:59:26"}
{"level":"info","message":"OPTIONS /api/v1/auth/login","service":"taskforge-backend","timestamp":"2026-05-16 12:59:41"}
{"level":"info","message":"POST /api/v1/auth/login","service":"taskforge-backend","timestamp":"2026-05-16 12:59:41"}
{"data":null,"errors":[],"level":"error","message":"Login error: Invalid email or password","name":"UnauthorizedError","service":"taskforge-backend","stack":"UnauthorizedError: Invalid email or password\n    at AuthService.login (file:///C:/Users/farma/OneDrive/Desktop/Team%20Task%20Manager/backend-auth/src/services/auth.service.js:64:15)\n    at process.processTicksAndRejections (node:internal/process/task_queues:105:5)\n    at async file:///C:/Users/farma/OneDrive/Desktop/Team%20Task%20Manager/backend-auth/src/controllers/auth.controller.js:22:18\n    at async file:///C:/Users/farma/OneDrive/Desktop/Team%20Task%20Manager/backend-auth/src/utils/helpers.js:3:5","statusCode":401,"success":false,"timestamp":"2026-05-16 12:59:41"}
{"error":{"data":null,"errors":[],"name":"UnauthorizedError","statusCode":401,"success":false},"level":"error","message":"401 Invalid email or password","service":"taskforge-backend","timestamp":"2026-05-16 12:59:41"}
{"level":"info","message":"OPTIONS /api/v1/auth/refresh-token","service":"taskforge-backend","timestamp":"2026-05-16 12:59:41"}
{"level":"info","message":"POST /api/v1/auth/refresh-token","service":"taskforge-backend","timestamp":"2026-05-16 12:59:41"}
{"error":{"data":null,"errors":[{"field":"refreshToken","message":"\"refreshToken\" must be a string"}],"name":"ValidationError","statusCode":400,"success":false},"level":"error","message":"400 Validation failed","service":"taskforge-backend","timestamp":"2026-05-16 12:59:41"}
{"level":"info","message":"OPTIONS /api/v1/auth/register","service":"taskforge-backend","timestamp":"2026-05-16 13:00:13"}
{"level":"info","message":"POST /api/v1/auth/register","service":"taskforge-backend","timestamp":"2026-05-16 13:00:13"}
{"error":{"data":null,"errors":[{"field":"email","message":"\"email\" must be a valid email"},{"field":"password","message":"\"password\" length must be at least 8 characters long"}],"name":"ValidationError","statusCode":400,"success":false},"level":"error","message":"400 Validation failed","service":"taskforge-backend","timestamp":"2026-05-16 13:00:13"}
{"level":"info","message":"OPTIONS /api/v1/auth/register","service":"taskforge-backend","timestamp":"2026-05-16 13:00:25"}
{"level":"info","message":"POST /api/v1/auth/register","service":"taskforge-backend","timestamp":"2026-05-16 13:00:25"}
{"error":{"data":null,"errors":[{"field":"password","message":"\"password\" length must be at least 8 characters long"}],"name":"ValidationError","statusCode":400,"success":false},"level":"error","message":"400 Validation failed","service":"taskforge-backend","timestamp":"2026-05-16 13:00:25"}
{"level":"info","message":"POST /api/v1/auth/register","service":"taskforge-backend","timestamp":"2026-05-16 13:00:29"}
{"error":{"data":null,"errors":[{"field":"password","message":"\"password\" length must be at least 8 characters long"}],"name":"ValidationError","statusCode":400,"success":false},"level":"error","message":"400 Validation failed","service":"taskforge-backend","timestamp":"2026-05-16 13:00:29"}
{"level":"info","message":"OPTIONS /api/v1/auth/login","service":"taskforge-backend","timestamp":"2026-05-16 13:01:26"}
{"level":"info","message":"POST /api/v1/auth/login","service":"taskforge-backend","timestamp":"2026-05-16 13:01:26"}
{"data":null,"errors":[],"level":"error","message":"Login error: Invalid email or password","name":"UnauthorizedError","service":"taskforge-backend","stack":"UnauthorizedError: Invalid email or password\n    at AuthService.login (file:///C:/Users/farma/OneDrive/Desktop/Team%20Task%20Manager/backend-auth/src/services/auth.service.js:64:15)\n    at process.processTicksAndRejections (node:internal/process/task_queues:105:5)\n    at async file:///C:/Users/farma/OneDrive/Desktop/Team%20Task%20Manager/backend-auth/src/controllers/auth.controller.js:22:18\n    at async file:///C:/Users/farma/OneDrive/Desktop/Team%20Task%20Manager/backend-auth/src/utils/helpers.js:3:5","statusCode":401,"success":false,"timestamp":"2026-05-16 13:01:26"}
{"error":{"data":null,"errors":[],"name":"UnauthorizedError","statusCode":401,"success":false},"level":"error","message":"401 Invalid email or password","service":"taskforge-backend","timestamp":"2026-05-16 13:01:26"}
{"level":"info","message":"OPTIONS /api/v1/auth/refresh-token","service":"taskforge-backend","timestamp":"2026-05-16 13:01:26"}
{"level":"info","message":"POST /api/v1/auth/refresh-token","service":"taskforge-backend","timestamp":"2026-05-16 13:01:26"}
{"error":{"data":null,"errors":[{"field":"refreshToken","message":"\"refreshToken\" must be a string"}],"name":"ValidationError","statusCode":400,"success":false},"level":"error","message":"400 Validation failed","service":"taskforge-backend","timestamp":"2026-05-16 13:01:26"}
{"level":"info","message":"OPTIONS /api/v1/users/login","service":"taskforge-backend","timestamp":"2026-05-16 13:02:29"}
{"level":"info","message":"POST /api/v1/users/login","service":"taskforge-backend","timestamp":"2026-05-16 13:02:29"}
{"level":"info","message":"POST /api/v1/users/login","service":"taskforge-backend","timestamp":"2026-05-16 13:02:32"}
{"level":"info","message":"OPTIONS /api/v1/auth/login","service":"taskforge-backend","timestamp":"2026-05-16 13:03:42"}
{"level":"info","message":"POST /api/v1/auth/login","service":"taskforge-backend","timestamp":"2026-05-16 13:03:42"}
{"data":null,"errors":[],"level":"error","message":"Login error: Invalid email or password","name":"UnauthorizedError","service":"taskforge-backend","stack":"UnauthorizedError: Invalid email or password\n    at AuthService.login (file:///C:/Users/farma/OneDrive/Desktop/Team%20Task%20Manager/backend-auth/src/services/auth.service.js:64:15)\n    at process.processTicksAndRejections (node:internal/process/task_queues:105:5)\n    at async file:///C:/Users/farma/OneDrive/Desktop/Team%20Task%20Manager/backend-auth/src/controllers/auth.controller.js:22:18\n    at async file:///C:/Users/farma/OneDrive/Desktop/Team%20Task%20Manager/backend-auth/src/utils/helpers.js:3:5","statusCode":401,"success":false,"timestamp":"2026-05-16 13:03:42"}
{"error":{"data":null,"errors":[],"name":"UnauthorizedError","statusCode":401,"success":false},"level":"error","message":"401 Invalid email or password","service":"taskforge-backend","timestamp":"2026-05-16 13:03:42"}
{"level":"info","message":"OPTIONS /api/v1/auth/refresh-token","service":"taskforge-backend","timestamp":"2026-05-16 13:03:42"}
{"level":"info","message":"POST /api/v1/auth/refresh-token","service":"taskforge-backend","timestamp":"2026-05-16 13:03:42"}
{"error":{"data":null,"errors":[{"field":"refreshToken","message":"\"refreshToken\" must be a string"}],"name":"ValidationError","statusCode":400,"success":false},"level":"error","message":"400 Validation failed","service":"taskforge-backend","timestamp":"2026-05-16 13:03:42"}
{"level":"info","message":"OPTIONS /api/v1/auth/login","service":"taskforge-backend","timestamp":"2026-05-16 13:03:51"}
{"level":"info","message":"POST /api/v1/auth/login","service":"taskforge-backend","timestamp":"2026-05-16 13:03:51"}
{"data":null,"errors":[],"level":"error","message":"Login error: Invalid email or password","name":"UnauthorizedError","service":"taskforge-backend","stack":"UnauthorizedError: Invalid email or password\n    at AuthService.login (file:///C:/Users/farma/OneDrive/Desktop/Team%20Task%20Manager/backend-auth/src/services/auth.service.js:64:15)\n    at process.processTicksAndRejections (node:internal/process/task_queues:105:5)\n    at async file:///C:/Users/farma/OneDrive/Desktop/Team%20Task%20Manager/backend-auth/src/controllers/auth.controller.js:22:18\n    at async file:///C:/Users/farma/OneDrive/Desktop/Team%20Task%20Manager/backend-auth/src/utils/helpers.js:3:5","statusCode":401,"success":false,"timestamp":"2026-05-16 13:03:51"}
{"error":{"data":null,"errors":[],"name":"UnauthorizedError","statusCode":401,"success":false},"level":"error","message":"401 Invalid email or password","service":"taskforge-backend","timestamp":"2026-05-16 13:03:51"}
{"level":"info","message":"OPTIONS /api/v1/auth/refresh-token","service":"taskforge-backend","timestamp":"2026-05-16 13:03:51"}
{"level":"info","message":"POST /api/v1/auth/refresh-token","service":"taskforge-backend","timestamp":"2026-05-16 13:03:51"}
{"error":{"data":null,"errors":[{"field":"refreshToken","message":"\"refreshToken\" must be a string"}],"name":"ValidationError","statusCode":400,"success":false},"level":"error","message":"400 Validation failed","service":"taskforge-backend","timestamp":"2026-05-16 13:03:51"}
{"level":"info","message":"OPTIONS /api/v1/auth/register","service":"taskforge-backend","timestamp":"2026-05-16 13:04:46"}
{"level":"info","message":"POST /api/v1/auth/register","service":"taskforge-backend","timestamp":"2026-05-16 13:04:46"}
{"level":"info","message":"New user registered: ahsanmohd77@gmail.com","service":"taskforge-backend","timestamp":"2026-05-16 13:04:46"}
{"level":"info","message":"OPTIONS /api/v1/auth/logout","service":"taskforge-backend","timestamp":"2026-05-16 13:07:48"}
{"level":"info","message":"POST /api/v1/auth/logout","service":"taskforge-backend","timestamp":"2026-05-16 13:07:48"}
{"level":"error","message":"Auth middleware error: Invalid access token","service":"taskforge-backend","stack":"Error: Invalid access token\n    at verifyAccessToken (file:///C:/Users/farma/OneDrive/Desktop/Team%20Task%20Manager/backend-auth/src/utils/jwt.js:23:11)\n    at authMiddleware (file:///C:/Users/farma/OneDrive/Desktop/Team%20Task%20Manager/backend-auth/src/middlewares/auth.middleware.js:13:21)\n    at Layer.handleRequest (C:\\Users\\farma\\OneDrive\\Desktop\\Team Task Manager\\backend-auth\\node_modules\\router\\lib\\layer.js:152:17)\n    at next (C:\\Users\\farma\\OneDrive\\Desktop\\Team Task Manager\\backend-auth\\node_modules\\router\\lib\\route.js:157:13)\n    at Route.dispatch (C:\\Users\\farma\\OneDrive\\Desktop\\Team Task Manager\\backend-auth\\node_modules\\router\\lib\\route.js:117:3)\n    at handle (C:\\Users\\farma\\OneDrive\\Desktop\\Team Task Manager\\backend-auth\\node_modules\\router\\index.js:435:11)\n    at Layer.handleRequest (C:\\Users\\farma\\OneDrive\\Desktop\\Team Task Manager\\backend-auth\\node_modules\\router\\lib\\layer.js:152:17)\n    at C:\\Users\\farma\\OneDrive\\Desktop\\Team Task Manager\\backend-auth\\node_modules\\router\\index.js:295:15\n    at processParams (C:\\Users\\farma\\OneDrive\\Desktop\\Team Task Manager\\backend-auth\\node_modules\\router\\index.js:582:12)\n    at next (C:\\Users\\farma\\OneDrive\\Desktop\\Team Task Manager\\backend-auth\\node_modules\\router\\index.js:291:5)","timestamp":"2026-05-16 13:07:48"}
{"error":{"data":null,"errors":[],"name":"UnauthorizedError","statusCode":401,"success":false},"level":"error","message":"401 Invalid access token","service":"taskforge-backend","timestamp":"2026-05-16 13:07:48"}
{"level":"info","message":"OPTIONS /api/v1/auth/refresh-token","service":"taskforge-backend","timestamp":"2026-05-16 13:07:48"}
{"level":"info","message":"POST /api/v1/auth/refresh-token","service":"taskforge-backend","timestamp":"2026-05-16 13:07:48"}
{"level":"error","message":"Token refresh error: require is not defined","service":"taskforge-backend","stack":"ReferenceError: require is not defined\n    at AuthService.refreshAccessToken (file:///C:/Users/farma/OneDrive/Desktop/Team%20Task%20Manager/backend-auth/src/services/auth.service.js:108:23)\n    at file:///C:/Users/farma/OneDrive/Desktop/Team%20Task%20Manager/backend-auth/src/controllers/auth.controller.js:38:36\n    at file:///C:/Users/farma/OneDrive/Desktop/Team%20Task%20Manager/backend-auth/src/utils/helpers.js:3:11\n    at Layer.handleRequest (C:\\Users\\farma\\OneDrive\\Desktop\\Team Task Manager\\backend-auth\\node_modules\\router\\lib\\layer.js:152:17)\n    at next (C:\\Users\\farma\\OneDrive\\Desktop\\Team Task Manager\\backend-auth\\node_modules\\router\\lib\\route.js:157:13)\n    at file:///C:/Users/farma/OneDrive/Desktop/Team%20Task%20Manager/backend-auth/src/middlewares/validation.middleware.js:20:7\n    at Layer.handleRequest (C:\\Users\\farma\\OneDrive\\Desktop\\Team Task Manager\\backend-auth\\node_modules\\router\\lib\\layer.js:152:17)\n    at next (C:\\Users\\farma\\OneDrive\\Desktop\\Team Task Manager\\backend-auth\\node_modules\\router\\lib\\route.js:157:13)\n    at Route.dispatch (C:\\Users\\farma\\OneDrive\\Desktop\\Team Task Manager\\backend-auth\\node_modules\\router\\lib\\route.js:117:3)\n    at handle (C:\\Users\\farma\\OneDrive\\Desktop\\Team Task Manager\\backend-auth\\node_modules\\router\\index.js:435:11)","timestamp":"2026-05-16 13:07:48"}
{"error":{"data":null,"errors":[],"name":"UnauthorizedError","statusCode":401,"success":false},"level":"error","message":"401 require is not defined","service":"taskforge-backend","timestamp":"2026-05-16 13:07:48"}
{"level":"info","message":"OPTIONS /api/v1/auth/login","service":"taskforge-backend","timestamp":"2026-05-16 13:08:12"}
{"level":"info","message":"POST /api/v1/auth/login","service":"taskforge-backend","timestamp":"2026-05-16 13:08:12"}
{"level":"info","message":"User logged in: ahsanmohd77@gmail.com","service":"taskforge-backend","timestamp":"2026-05-16 13:08:12"}
{"level":"info","message":"OPTIONS /api/v1/auth/logout","service":"taskforge-backend","timestamp":"2026-05-16 13:23:58"}
{"level":"info","message":"POST /api/v1/auth/logout","service":"taskforge-backend","timestamp":"2026-05-16 13:23:58"}
{"level":"error","message":"Auth middleware error: Invalid access token","service":"taskforge-backend","stack":"Error: Invalid access token\n    at verifyAccessToken (file:///C:/Users/farma/OneDrive/Desktop/Team%20Task%20Manager/backend-auth/src/utils/jwt.js:23:11)\n    at authMiddleware (file:///C:/Users/farma/OneDrive/Desktop/Team%20Task%20Manager/backend-auth/src/middlewares/auth.middleware.js:13:21)\n    at Layer.handleRequest (C:\\Users\\farma\\OneDrive\\Desktop\\Team Task Manager\\backend-auth\\node_modules\\router\\lib\\layer.js:152:17)\n    at next (C:\\Users\\farma\\OneDrive\\Desktop\\Team Task Manager\\backend-auth\\node_modules\\router\\lib\\route.js:157:13)\n    at Route.dispatch (C:\\Users\\farma\\OneDrive\\Desktop\\Team Task Manager\\backend-auth\\node_modules\\router\\lib\\route.js:117:3)\n    at handle (C:\\Users\\farma\\OneDrive\\Desktop\\Team Task Manager\\backend-auth\\node_modules\\router\\index.js:435:11)\n    at Layer.handleRequest (C:\\Users\\farma\\OneDrive\\Desktop\\Team Task Manager\\backend-auth\\node_modules\\router\\lib\\layer.js:152:17)\n    at C:\\Users\\farma\\OneDrive\\Desktop\\Team Task Manager\\backend-auth\\node_modules\\router\\index.js:295:15\n    at processParams (C:\\Users\\farma\\OneDrive\\Desktop\\Team Task Manager\\backend-auth\\node_modules\\router\\index.js:582:12)\n    at next (C:\\Users\\farma\\OneDrive\\Desktop\\Team Task Manager\\backend-auth\\node_modules\\router\\index.js:291:5)","timestamp":"2026-05-16 13:23:58"}
{"error":{"data":null,"errors":[],"name":"UnauthorizedError","statusCode":401,"success":false},"level":"error","message":"401 Invalid access token","service":"taskforge-backend","timestamp":"2026-05-16 13:23:58"}
{"level":"info","message":"OPTIONS /api/v1/auth/refresh-token","service":"taskforge-backend","timestamp":"2026-05-16 13:23:58"}
{"level":"info","message":"POST /api/v1/auth/refresh-token","service":"taskforge-backend","timestamp":"2026-05-16 13:23:58"}
{"level":"error","message":"Token refresh error: require is not defined","service":"taskforge-backend","stack":"ReferenceError: require is not defined\n    at AuthService.refreshAccessToken (file:///C:/Users/farma/OneDrive/Desktop/Team%20Task%20Manager/backend-auth/src/services/auth.service.js:108:23)\n    at file:///C:/Users/farma/OneDrive/Desktop/Team%20Task%20Manager/backend-auth/src/controllers/auth.controller.js:38:36\n    at file:///C:/Users/farma/OneDrive/Desktop/Team%20Task%20Manager/backend-auth/src/utils/helpers.js:3:11\n    at Layer.handleRequest (C:\\Users\\farma\\OneDrive\\Desktop\\Team Task Manager\\backend-auth\\node_modules\\router\\lib\\layer.js:152:17)\n    at next (C:\\Users\\farma\\OneDrive\\Desktop\\Team Task Manager\\backend-auth\\node_modules\\router\\lib\\route.js:157:13)\n    at file:///C:/Users/farma/OneDrive/Desktop/Team%20Task%20Manager/backend-auth/src/middlewares/validation.middleware.js:20:7\n    at Layer.handleRequest (C:\\Users\\farma\\OneDrive\\Desktop\\Team Task Manager\\backend-auth\\node_modules\\router\\lib\\layer.js:152:17)\n    at next (C:\\Users\\farma\\OneDrive\\Desktop\\Team Task Manager\\backend-auth\\node_modules\\router\\lib\\route.js:157:13)\n    at Route.dispatch (C:\\Users\\farma\\OneDrive\\Desktop\\Team Task Manager\\backend-auth\\node_modules\\router\\lib\\route.js:117:3)\n    at handle (C:\\Users\\farma\\OneDrive\\Desktop\\Team Task Manager\\backend-auth\\node_modules\\router\\index.js:435:11)","timestamp":"2026-05-16 13:23:58"}
{"error":{"data":null,"errors":[],"name":"UnauthorizedError","statusCode":401,"success":false},"level":"error","message":"401 require is not defined","service":"taskforge-backend","timestamp":"2026-05-16 13:23:58"}
{"level":"info","message":"OPTIONS /api/v1/auth/login","service":"taskforge-backend","timestamp":"2026-05-16 13:24:19"}
{"level":"info","message":"POST /api/v1/auth/login","service":"taskforge-backend","timestamp":"2026-05-16 13:24:19"}
{"level":"info","message":"User logged in: ahsanmohd77@gmail.com","service":"taskforge-backend","timestamp":"2026-05-16 13:24:19"}
{"level":"info","message":"✅ Database connected successfully","service":"taskforge-backend","timestamp":"2026-05-16 15:08:20"}
{"level":"info","message":"\n╔════════════════════════════════════════╗\n║  🚀 TaskForge Server Started           ║\n║  Port: 5000                             ║\n║  Environment: development        ║\n║  API Docs: http://localhost:5000/api/docs ║\n╚════════════════════════════════════════╝\n      ","service":"taskforge-backend","timestamp":"2026-05-16 15:08:20"}
{"level":"info","message":"✅ Database connected successfully","service":"taskforge-backend","timestamp":"2026-05-16 15:08:59"}
{"level":"info","message":"\n╔════════════════════════════════════════╗\n║  🚀 TaskForge Server Started           ║\n║  Port: 5000                             ║\n║  Environment: development        ║\n║  API Docs: http://localhost:5000/api/docs ║\n╚════════════════════════════════════════╝\n      ","service":"taskforge-backend","timestamp":"2026-05-16 15:08:59"}
{"level":"info","message":"✅ Database connected successfully","service":"taskforge-backend","timestamp":"2026-05-16 15:09:01"}
{"level":"info","message":"\n╔════════════════════════════════════════╗\n║  🚀 TaskForge Server Started           ║\n║  Port: 5000                             ║\n║  Environment: development        ║\n║  API Docs: http://localhost:5000/api/docs ║\n╚════════════════════════════════════════╝\n      ","service":"taskforge-backend","timestamp":"2026-05-16 15:09:01"}
{"level":"info","message":"✅ Database connected successfully","service":"taskforge-backend","timestamp":"2026-05-16 15:23:11"}
{"level":"info","message":"\n╔════════════════════════════════════════╗\n║  🚀 TaskForge Server Started           ║\n║  Port: 5000                             ║\n║  Environment: development        ║\n║  API Docs: http://localhost:5000/api/docs ║\n╚════════════════════════════════════════╝\n      ","service":"taskforge-backend","timestamp":"2026-05-16 15:23:11"}
{"level":"info","message":"✅ Database connected successfully","service":"taskforge-backend","timestamp":"2026-05-16 15:23:13"}
{"level":"info","message":"\n╔════════════════════════════════════════╗\n║  🚀 TaskForge Server Started           ║\n║  Port: 5000                             ║\n║  Environment: development        ║\n║  API Docs: http://localhost:5000/api/docs ║\n╚════════════════════════════════════════╝\n      ","service":"taskforge-backend","timestamp":"2026-05-16 15:23:13"}
{"level":"info","message":"✅ Database connected successfully","service":"taskforge-backend","timestamp":"2026-05-16 15:23:15"}
{"level":"info","message":"\n╔════════════════════════════════════════╗\n║  🚀 TaskForge Server Started           ║\n║  Port: 5000                             ║\n║  Environment: development        ║\n║  API Docs: http://localhost:5000/api/docs ║\n╚════════════════════════════════════════╝\n      ","service":"taskforge-backend","timestamp":"2026-05-16 15:23:15"}
{"level":"info","message":"✅ Database connected successfully","service":"taskforge-backend","timestamp":"2026-05-16 15:23:17"}
{"level":"info","message":"\n╔════════════════════════════════════════╗\n║  🚀 TaskForge Server Started           ║\n║  Port: 5000                             ║\n║  Environment: development        ║\n║  API Docs: http://localhost:5000/api/docs ║\n╚════════════════════════════════════════╝\n      ","service":"taskforge-backend","timestamp":"2026-05-16 15:23:17"}
{"level":"info","message":"✅ Database connected successfully","service":"taskforge-backend","timestamp":"2026-05-16 15:24:41"}
{"level":"info","message":"\n╔════════════════════════════════════════╗\n║  🚀 TaskForge Server Started           ║\n║  Port: 5000                             ║\n║  Environment: development        ║\n║  API Docs: http://localhost:5000/api/docs ║\n╚════════════════════════════════════════╝\n      ","service":"taskforge-backend","timestamp":"2026-05-16 15:24:41"}
{"level":"info","message":"✅ Database connected successfully","service":"taskforge-backend","timestamp":"2026-05-16 15:24:42"}
{"level":"info","message":"\n╔════════════════════════════════════════╗\n║  🚀 TaskForge Server Started           ║\n║  Port: 5000                             ║\n║  Environment: development        ║\n║  API Docs: http://localhost:5000/api/docs ║\n╚════════════════════════════════════════╝\n      ","service":"taskforge-backend","timestamp":"2026-05-16 15:24:42"}
{"level":"info","message":"✅ Database connected successfully","service":"taskforge-backend","timestamp":"2026-05-16 15:24:44"}
{"level":"info","message":"\n╔════════════════════════════════════════╗\n║  🚀 TaskForge Server Started           ║\n║  Port: 5000                             ║\n║  Environment: development        ║\n║  API Docs: http://localhost:5000/api/docs ║\n╚════════════════════════════════════════╝\n      ","service":"taskforge-backend","timestamp":"2026-05-16 15:24:44"}
{"level":"info","message":"✅ Database connected successfully","service":"taskforge-backend","timestamp":"2026-05-16 15:26:44"}
{"level":"info","message":"\n╔════════════════════════════════════════╗\n║  🚀 TaskForge Server Started           ║\n║  Port: 5000                             ║\n║  Environment: development        ║\n║  API Docs: http://localhost:5000/api/docs ║\n╚════════════════════════════════════════╝\n      ","service":"taskforge-backend","timestamp":"2026-05-16 15:26:44"}
{"level":"info","message":"✅ Database connected successfully","service":"taskforge-backend","timestamp":"2026-05-16 15:26:46"}
{"level":"info","message":"\n╔════════════════════════════════════════╗\n║  🚀 TaskForge Server Started           ║\n║  Port: 5000                             ║\n║  Environment: development        ║\n║  API Docs: http://localhost:5000/api/docs ║\n╚════════════════════════════════════════╝\n      ","service":"taskforge-backend","timestamp":"2026-05-16 15:26:46"}
{"level":"info","message":"✅ Database connected successfully","service":"taskforge-backend","timestamp":"2026-05-16 15:26:48"}
{"level":"info","message":"\n╔════════════════════════════════════════╗\n║  🚀 TaskForge Server Started           ║\n║  Port: 5000                             ║\n║  Environment: development        ║\n║  API Docs: http://localhost:5000/api/docs ║\n╚════════════════════════════════════════╝\n      ","service":"taskforge-backend","timestamp":"2026-05-16 15:26:48"}
{"level":"info","message":"✅ Database connected successfully","service":"taskforge-backend","timestamp":"2026-05-16 16:29:14"}
{"level":"info","message":"\n╔════════════════════════════════════════╗\n║  🚀 TaskForge Server Started           ║\n║  Port: 5000                             ║\n║  Environment: development        ║\n║  API Docs: http://localhost:5000/api/docs ║\n╚════════════════════════════════════════╝\n      ","service":"taskforge-backend","timestamp":"2026-05-16 16:29:14"}
{"level":"info","message":"🔌 Socket connected: 6PTxpc_xBRXpvd4sAAAB","service":"taskforge-backend","timestamp":"2026-05-16 16:29:14"}
{"level":"info","message":"✅ Database connected successfully","service":"taskforge-backend","timestamp":"2026-05-16 16:29:47"}
{"level":"info","message":"\n╔════════════════════════════════════════╗\n║  🚀 TaskForge Server Started           ║\n║  Port: 5000                             ║\n║  Environment: development        ║\n║  API Docs: http://localhost:5000/api/docs ║\n╚════════════════════════════════════════╝\n      ","service":"taskforge-backend","timestamp":"2026-05-16 16:29:47"}
{"level":"info","message":"🔌 Socket disconnected: 6PTxpc_xBRXpvd4sAAAB","service":"taskforge-backend","timestamp":"2026-05-16 16:31:15"}
{"level":"info","message":"OPTIONS /api/v1/teams","service":"taskforge-backend","timestamp":"2026-05-16 16:31:15"}
{"level":"info","message":"OPTIONS /api/v1/teams","service":"taskforge-backend","timestamp":"2026-05-16 16:31:15"}
{"level":"info","message":"GET /api/v1/teams","service":"taskforge-backend","timestamp":"2026-05-16 16:31:15"}
{"level":"error","message":"Auth middleware error: Invalid access token","service":"taskforge-backend","stack":"Error: Invalid access token\n    at verifyAccessToken (file:///C:/Users/farma/OneDrive/Desktop/Team%20Task%20Manager/backend-auth/src/utils/jwt.js:23:11)\n    at authMiddleware (file:///C:/Users/farma/OneDrive/Desktop/Team%20Task%20Manager/backend-auth/src/middlewares/auth.middleware.js:13:21)\n    at Layer.handleRequest (C:\\Users\\farma\\OneDrive\\Desktop\\Team Task Manager\\backend-auth\\node_modules\\router\\lib\\layer.js:152:17)\n    at trimPrefix (C:\\Users\\farma\\OneDrive\\Desktop\\Team Task Manager\\backend-auth\\node_modules\\router\\index.js:342:13)\n    at C:\\Users\\farma\\OneDrive\\Desktop\\Team Task Manager\\backend-auth\\node_modules\\router\\index.js:297:9\n    at processParams (C:\\Users\\farma\\OneDrive\\Desktop\\Team Task Manager\\backend-auth\\node_modules\\router\\index.js:582:12)\n    at next (C:\\Users\\farma\\OneDrive\\Desktop\\Team Task Manager\\backend-auth\\node_modules\\router\\index.js:291:5)\n    at Function.handle (C:\\Users\\farma\\OneDrive\\Desktop\\Team Task Manager\\backend-auth\\node_modules\\router\\index.js:186:3)\n    at router (C:\\Users\\farma\\OneDrive\\Desktop\\Team Task Manager\\backend-auth\\node_modules\\router\\index.js:60:12)\n    at Layer.handleRequest (C:\\Users\\farma\\OneDrive\\Desktop\\Team Task Manager\\backend-auth\\node_modules\\router\\lib\\layer.js:152:17)","timestamp":"2026-05-16 16:31:15"}
{"error":{"data":null,"errors":[],"name":"UnauthorizedError","statusCode":401,"success":false},"level":"error","message":"401 Invalid access token","service":"taskforge-backend","timestamp":"2026-05-16 16:31:15"}
{"level":"info","message":"GET /api/v1/teams","service":"taskforge-backend","timestamp":"2026-05-16 16:31:15"}
{"level":"error","message":"Auth middleware error: Invalid access token","service":"taskforge-backend","stack":"Error: Invalid access token\n    at verifyAccessToken (file:///C:/Users/farma/OneDrive/Desktop/Team%20Task%20Manager/backend-auth/src/utils/jwt.js:23:11)\n    at authMiddleware (file:///C:/Users/farma/OneDrive/Desktop/Team%20Task%20Manager/backend-auth/src/middlewares/auth.middleware.js:13:21)\n    at Layer.handleRequest (C:\\Users\\farma\\OneDrive\\Desktop\\Team Task Manager\\backend-auth\\node_modules\\router\\lib\\layer.js:152:17)\n    at trimPrefix (C:\\Users\\farma\\OneDrive\\Desktop\\Team Task Manager\\backend-auth\\node_modules\\router\\index.js:342:13)\n    at C:\\Users\\farma\\OneDrive\\Desktop\\Team Task Manager\\backend-auth\\node_modules\\router\\index.js:297:9\n    at processParams (C:\\Users\\farma\\OneDrive\\Desktop\\Team Task Manager\\backend-auth\\node_modules\\router\\index.js:582:12)\n    at next (C:\\Users\\farma\\OneDrive\\Desktop\\Team Task Manager\\backend-auth\\node_modules\\router\\index.js:291:5)\n    at Function.handle (C:\\Users\\farma\\OneDrive\\Desktop\\Team Task Manager\\backend-auth\\node_modules\\router\\index.js:186:3)\n    at router (C:\\Users\\farma\\OneDrive\\Desktop\\Team Task Manager\\backend-auth\\node_modules\\router\\index.js:60:12)\n    at Layer.handleRequest (C:\\Users\\farma\\OneDrive\\Desktop\\Team Task Manager\\backend-auth\\node_modules\\router\\lib\\layer.js:152:17)","timestamp":"2026-05-16 16:31:15"}
{"error":{"data":null,"errors":[],"name":"UnauthorizedError","statusCode":401,"success":false},"level":"error","message":"401 Invalid access token","service":"taskforge-backend","timestamp":"2026-05-16 16:31:15"}
{"level":"info","message":"🔌 Socket connected: D7MIiBjBrK-qQz6MAAAE","service":"taskforge-backend","timestamp":"2026-05-16 16:31:15"}
{"level":"info","message":"OPTIONS /api/v1/projects","service":"taskforge-backend","timestamp":"2026-05-16 16:31:42"}
{"level":"info","message":"POST /api/v1/projects","service":"taskforge-backend","timestamp":"2026-05-16 16:31:42"}
{"level":"error","message":"Auth middleware error: Invalid access token","service":"taskforge-backend","stack":"Error: Invalid access token\n    at verifyAccessToken (file:///C:/Users/farma/OneDrive/Desktop/Team%20Task%20Manager/backend-auth/src/utils/jwt.js:23:11)\n    at authMiddleware (file:///C:/Users/farma/OneDrive/Desktop/Team%20Task%20Manager/backend-auth/src/middlewares/auth.middleware.js:13:21)\n    at Layer.handleRequest (C:\\Users\\farma\\OneDrive\\Desktop\\Team Task Manager\\backend-auth\\node_modules\\router\\lib\\layer.js:152:17)\n    at trimPrefix (C:\\Users\\farma\\OneDrive\\Desktop\\Team Task Manager\\backend-auth\\node_modules\\router\\index.js:342:13)\n    at C:\\Users\\farma\\OneDrive\\Desktop\\Team Task Manager\\backend-auth\\node_modules\\router\\index.js:297:9\n    at processParams (C:\\Users\\farma\\OneDrive\\Desktop\\Team Task Manager\\backend-auth\\node_modules\\router\\index.js:582:12)\n    at next (C:\\Users\\farma\\OneDrive\\Desktop\\Team Task Manager\\backend-auth\\node_modules\\router\\index.js:291:5)\n    at Function.handle (C:\\Users\\farma\\OneDrive\\Desktop\\Team Task Manager\\backend-auth\\node_modules\\router\\index.js:186:3)\n    at router (C:\\Users\\farma\\OneDrive\\Desktop\\Team Task Manager\\backend-auth\\node_modules\\router\\index.js:60:12)\n    at Layer.handleRequest (C:\\Users\\farma\\OneDrive\\Desktop\\Team Task Manager\\backend-auth\\node_modules\\router\\lib\\layer.js:152:17)","timestamp":"2026-05-16 16:31:42"}
{"error":{"data":null,"errors":[],"name":"UnauthorizedError","statusCode":401,"success":false},"level":"error","message":"401 Invalid access token","service":"taskforge-backend","timestamp":"2026-05-16 16:31:42"}
{"level":"info","message":"🔌 Socket disconnected: D7MIiBjBrK-qQz6MAAAE","service":"taskforge-backend","timestamp":"2026-05-16 16:32:55"}
{"level":"info","message":"🔌 Socket connected: E9MFhGsXcPuBCiVSAAAH","service":"taskforge-backend","timestamp":"2026-05-16 16:32:55"}
{"level":"info","message":"🔌 Socket disconnected: E9MFhGsXcPuBCiVSAAAH","service":"taskforge-backend","timestamp":"2026-05-16 16:32:57"}
{"level":"info","message":"OPTIONS /api/v1/teams","service":"taskforge-backend","timestamp":"2026-05-16 16:33:47"}
{"level":"info","message":"OPTIONS /api/v1/teams","service":"taskforge-backend","timestamp":"2026-05-16 16:33:47"}
{"level":"info","message":"GET /api/v1/teams","service":"taskforge-backend","timestamp":"2026-05-16 16:33:47"}
{"level":"error","message":"Auth middleware error: Invalid access token","service":"taskforge-backend","stack":"Error: Invalid access token\n    at verifyAccessToken (file:///C:/Users/farma/OneDrive/Desktop/Team%20Task%20Manager/backend-auth/src/utils/jwt.js:23:11)\n    at authMiddleware (file:///C:/Users/farma/OneDrive/Desktop/Team%20Task%20Manager/backend-auth/src/middlewares/auth.middleware.js:13:21)\n    at Layer.handleRequest (C:\\Users\\farma\\OneDrive\\Desktop\\Team Task Manager\\backend-auth\\node_modules\\router\\lib\\layer.js:152:17)\n    at trimPrefix (C:\\Users\\farma\\OneDrive\\Desktop\\Team Task Manager\\backend-auth\\node_modules\\router\\index.js:342:13)\n    at C:\\Users\\farma\\OneDrive\\Desktop\\Team Task Manager\\backend-auth\\node_modules\\router\\index.js:297:9\n    at processParams (C:\\Users\\farma\\OneDrive\\Desktop\\Team Task Manager\\backend-auth\\node_modules\\router\\index.js:582:12)\n    at next (C:\\Users\\farma\\OneDrive\\Desktop\\Team Task Manager\\backend-auth\\node_modules\\router\\index.js:291:5)\n    at Function.handle (C:\\Users\\farma\\OneDrive\\Desktop\\Team Task Manager\\backend-auth\\node_modules\\router\\index.js:186:3)\n    at router (C:\\Users\\farma\\OneDrive\\Desktop\\Team Task Manager\\backend-auth\\node_modules\\router\\index.js:60:12)\n    at Layer.handleRequest (C:\\Users\\farma\\OneDrive\\Desktop\\Team Task Manager\\backend-auth\\node_modules\\router\\lib\\layer.js:152:17)","timestamp":"2026-05-16 16:33:47"}
{"error":{"data":null,"errors":[],"name":"UnauthorizedError","statusCode":401,"success":false},"level":"error","message":"401 Invalid access token","service":"taskforge-backend","timestamp":"2026-05-16 16:33:47"}
{"level":"info","message":"GET /api/v1/teams","service":"taskforge-backend","timestamp":"2026-05-16 16:33:47"}
{"level":"error","message":"Auth middleware error: Invalid access token","service":"taskforge-backend","stack":"Error: Invalid access token\n    at verifyAccessToken (file:///C:/Users/farma/OneDrive/Desktop/Team%20Task%20Manager/backend-auth/src/utils/jwt.js:23:11)\n    at authMiddleware (file:///C:/Users/farma/OneDrive/Desktop/Team%20Task%20Manager/backend-auth/src/middlewares/auth.middleware.js:13:21)\n    at Layer.handleRequest (C:\\Users\\farma\\OneDrive\\Desktop\\Team Task Manager\\backend-auth\\node_modules\\router\\lib\\layer.js:152:17)\n    at trimPrefix (C:\\Users\\farma\\OneDrive\\Desktop\\Team Task Manager\\backend-auth\\node_modules\\router\\index.js:342:13)\n    at C:\\Users\\farma\\OneDrive\\Desktop\\Team Task Manager\\backend-auth\\node_modules\\router\\index.js:297:9\n    at processParams (C:\\Users\\farma\\OneDrive\\Desktop\\Team Task Manager\\backend-auth\\node_modules\\router\\index.js:582:12)\n    at next (C:\\Users\\farma\\OneDrive\\Desktop\\Team Task Manager\\backend-auth\\node_modules\\router\\index.js:291:5)\n    at Function.handle (C:\\Users\\farma\\OneDrive\\Desktop\\Team Task Manager\\backend-auth\\node_modules\\router\\index.js:186:3)\n    at router (C:\\Users\\farma\\OneDrive\\Desktop\\Team Task Manager\\backend-auth\\node_modules\\router\\index.js:60:12)\n    at Layer.handleRequest (C:\\Users\\farma\\OneDrive\\Desktop\\Team Task Manager\\backend-auth\\node_modules\\router\\lib\\layer.js:152:17)","timestamp":"2026-05-16 16:33:47"}
{"error":{"data":null,"errors":[],"name":"UnauthorizedError","statusCode":401,"success":false},"level":"error","message":"401 Invalid access token","service":"taskforge-backend","timestamp":"2026-05-16 16:33:47"}
{"level":"info","message":"🔌 Socket connected: sugTxDPKbMxuVThpAAAK","service":"taskforge-backend","timestamp":"2026-05-16 16:33:47"}
{"level":"info","message":"🔌 Socket disconnected: sugTxDPKbMxuVThpAAAK","service":"taskforge-backend","timestamp":"2026-05-16 16:36:30"}
{"level":"info","message":"OPTIONS /api/v1/teams","service":"taskforge-backend","timestamp":"2026-05-16 16:36:31"}
{"level":"info","message":"OPTIONS /api/v1/teams","service":"taskforge-backend","timestamp":"2026-05-16 16:36:31"}
{"level":"info","message":"GET /api/v1/teams","service":"taskforge-backend","timestamp":"2026-05-16 16:36:31"}
{"level":"error","message":"Auth middleware error: Invalid access token","service":"taskforge-backend","stack":"Error: Invalid access token\n    at verifyAccessToken (file:///C:/Users/farma/OneDrive/Desktop/Team%20Task%20Manager/backend-auth/src/utils/jwt.js:23:11)\n    at authMiddleware (file:///C:/Users/farma/OneDrive/Desktop/Team%20Task%20Manager/backend-auth/src/middlewares/auth.middleware.js:13:21)\n    at Layer.handleRequest (C:\\Users\\farma\\OneDrive\\Desktop\\Team Task Manager\\backend-auth\\node_modules\\router\\lib\\layer.js:152:17)\n    at trimPrefix (C:\\Users\\farma\\OneDrive\\Desktop\\Team Task Manager\\backend-auth\\node_modules\\router\\index.js:342:13)\n    at C:\\Users\\farma\\OneDrive\\Desktop\\Team Task Manager\\backend-auth\\node_modules\\router\\index.js:297:9\n    at processParams (C:\\Users\\farma\\OneDrive\\Desktop\\Team Task Manager\\backend-auth\\node_modules\\router\\index.js:582:12)\n    at next (C:\\Users\\farma\\OneDrive\\Desktop\\Team Task Manager\\backend-auth\\node_modules\\router\\index.js:291:5)\n    at Function.handle (C:\\Users\\farma\\OneDrive\\Desktop\\Team Task Manager\\backend-auth\\node_modules\\router\\index.js:186:3)\n    at router (C:\\Users\\farma\\OneDrive\\Desktop\\Team Task Manager\\backend-auth\\node_modules\\router\\index.js:60:12)\n    at Layer.handleRequest (C:\\Users\\farma\\OneDrive\\Desktop\\Team Task Manager\\backend-auth\\node_modules\\router\\lib\\layer.js:152:17)","timestamp":"2026-05-16 16:36:31"}
{"error":{"data":null,"errors":[],"name":"UnauthorizedError","statusCode":401,"success":false},"level":"error","message":"401 Invalid access token","service":"taskforge-backend","timestamp":"2026-05-16 16:36:31"}
{"level":"info","message":"GET /api/v1/teams","service":"taskforge-backend","timestamp":"2026-05-16 16:36:31"}
{"level":"error","message":"Auth middleware error: Invalid access token","service":"taskforge-backend","stack":"Error: Invalid access token\n    at verifyAccessToken (file:///C:/Users/farma/OneDrive/Desktop/Team%20Task%20Manager/backend-auth/src/utils/jwt.js:23:11)\n    at authMiddleware (file:///C:/Users/farma/OneDrive/Desktop/Team%20Task%20Manager/backend-auth/src/middlewares/auth.middleware.js:13:21)\n    at Layer.handleRequest (C:\\Users\\farma\\OneDrive\\Desktop\\Team Task Manager\\backend-auth\\node_modules\\router\\lib\\layer.js:152:17)\n    at trimPrefix (C:\\Users\\farma\\OneDrive\\Desktop\\Team Task Manager\\backend-auth\\node_modules\\router\\index.js:342:13)\n    at C:\\Users\\farma\\OneDrive\\Desktop\\Team Task Manager\\backend-auth\\node_modules\\router\\index.js:297:9\n    at processParams (C:\\Users\\farma\\OneDrive\\Desktop\\Team Task Manager\\backend-auth\\node_modules\\router\\index.js:582:12)\n    at next (C:\\Users\\farma\\OneDrive\\Desktop\\Team Task Manager\\backend-auth\\node_modules\\router\\index.js:291:5)\n    at Function.handle (C:\\Users\\farma\\OneDrive\\Desktop\\Team Task Manager\\backend-auth\\node_modules\\router\\index.js:186:3)\n    at router (C:\\Users\\farma\\OneDrive\\Desktop\\Team Task Manager\\backend-auth\\node_modules\\router\\index.js:60:12)\n    at Layer.handleRequest (C:\\Users\\farma\\OneDrive\\Desktop\\Team Task Manager\\backend-auth\\node_modules\\router\\lib\\layer.js:152:17)","timestamp":"2026-05-16 16:36:31"}
{"error":{"data":null,"errors":[],"name":"UnauthorizedError","statusCode":401,"success":false},"level":"error","message":"401 Invalid access token","service":"taskforge-backend","timestamp":"2026-05-16 16:36:31"}
{"level":"info","message":"🔌 Socket connected: zu_4BkKz1f55VQqTAAAN","service":"taskforge-backend","timestamp":"2026-05-16 16:36:31"}
{"level":"info","message":"🔌 Socket disconnected: zu_4BkKz1f55VQqTAAAN","service":"taskforge-backend","timestamp":"2026-05-16 16:39:04"}
{"level":"info","message":"OPTIONS /api/v1/teams","service":"taskforge-backend","timestamp":"2026-05-16 16:39:43"}
{"level":"info","message":"OPTIONS /api/v1/teams","service":"taskforge-backend","timestamp":"2026-05-16 16:39:43"}
{"level":"info","message":"GET /api/v1/teams","service":"taskforge-backend","timestamp":"2026-05-16 16:39:43"}
{"level":"error","message":"Auth middleware error: Invalid access token","service":"taskforge-backend","stack":"Error: Invalid access token\n    at verifyAccessToken (file:///C:/Users/farma/OneDrive/Desktop/Team%20Task%20Manager/backend-auth/src/utils/jwt.js:23:11)\n    at authMiddleware (file:///C:/Users/farma/OneDrive/Desktop/Team%20Task%20Manager/backend-auth/src/middlewares/auth.middleware.js:13:21)\n    at Layer.handleRequest (C:\\Users\\farma\\OneDrive\\Desktop\\Team Task Manager\\backend-auth\\node_modules\\router\\lib\\layer.js:152:17)\n    at trimPrefix (C:\\Users\\farma\\OneDrive\\Desktop\\Team Task Manager\\backend-auth\\node_modules\\router\\index.js:342:13)\n    at C:\\Users\\farma\\OneDrive\\Desktop\\Team Task Manager\\backend-auth\\node_modules\\router\\index.js:297:9\n    at processParams (C:\\Users\\farma\\OneDrive\\Desktop\\Team Task Manager\\backend-auth\\node_modules\\router\\index.js:582:12)\n    at next (C:\\Users\\farma\\OneDrive\\Desktop\\Team Task Manager\\backend-auth\\node_modules\\router\\index.js:291:5)\n    at Function.handle (C:\\Users\\farma\\OneDrive\\Desktop\\Team Task Manager\\backend-auth\\node_modules\\router\\index.js:186:3)\n    at router (C:\\Users\\farma\\OneDrive\\Desktop\\Team Task Manager\\backend-auth\\node_modules\\router\\index.js:60:12)\n    at Layer.handleRequest (C:\\Users\\farma\\OneDrive\\Desktop\\Team Task Manager\\backend-auth\\node_modules\\router\\lib\\layer.js:152:17)","timestamp":"2026-05-16 16:39:43"}
{"error":{"data":null,"errors":[],"name":"UnauthorizedError","statusCode":401,"success":false},"level":"error","message":"401 Invalid access token","service":"taskforge-backend","timestamp":"2026-05-16 16:39:43"}
{"level":"info","message":"GET /api/v1/teams","service":"taskforge-backend","timestamp":"2026-05-16 16:39:43"}
{"level":"error","message":"Auth middleware error: Invalid access token","service":"taskforge-backend","stack":"Error: Invalid access token\n    at verifyAccessToken (file:///C:/Users/farma/OneDrive/Desktop/Team%20Task%20Manager/backend-auth/src/utils/jwt.js:23:11)\n    at authMiddleware (file:///C:/Users/farma/OneDrive/Desktop/Team%20Task%20Manager/backend-auth/src/middlewares/auth.middleware.js:13:21)\n    at Layer.handleRequest (C:\\Users\\farma\\OneDrive\\Desktop\\Team Task Manager\\backend-auth\\node_modules\\router\\lib\\layer.js:152:17)\n    at trimPrefix (C:\\Users\\farma\\OneDrive\\Desktop\\Team Task Manager\\backend-auth\\node_modules\\router\\index.js:342:13)\n    at C:\\Users\\farma\\OneDrive\\Desktop\\Team Task Manager\\backend-auth\\node_modules\\router\\index.js:297:9\n    at processParams (C:\\Users\\farma\\OneDrive\\Desktop\\Team Task Manager\\backend-auth\\node_modules\\router\\index.js:582:12)\n    at next (C:\\Users\\farma\\OneDrive\\Desktop\\Team Task Manager\\backend-auth\\node_modules\\router\\index.js:291:5)\n    at Function.handle (C:\\Users\\farma\\OneDrive\\Desktop\\Team Task Manager\\backend-auth\\node_modules\\router\\index.js:186:3)\n    at router (C:\\Users\\farma\\OneDrive\\Desktop\\Team Task Manager\\backend-auth\\node_modules\\router\\index.js:60:12)\n    at Layer.handleRequest (C:\\Users\\farma\\OneDrive\\Desktop\\Team Task Manager\\backend-auth\\node_modules\\router\\lib\\layer.js:152:17)","timestamp":"2026-05-16 16:39:43"}
{"error":{"data":null,"errors":[],"name":"UnauthorizedError","statusCode":401,"success":false},"level":"error","message":"401 Invalid access token","service":"taskforge-backend","timestamp":"2026-05-16 16:39:43"}
{"level":"info","message":"🔌 Socket connected: oTiALkCTP3Cr8tm-AAAQ","service":"taskforge-backend","timestamp":"2026-05-16 16:39:43"}
{"level":"info","message":"🔌 Socket disconnected: oTiALkCTP3Cr8tm-AAAQ","service":"taskforge-backend","timestamp":"2026-05-16 16:40:40"}
{"level":"info","message":"OPTIONS /api/v1/auth/login","service":"taskforge-backend","timestamp":"2026-05-16 16:42:06"}
{"level":"info","message":"POST /api/v1/auth/login","service":"taskforge-backend","timestamp":"2026-05-16 16:42:06"}
{"level":"info","message":"User logged in: ahsanmohd77@gmail.com","service":"taskforge-backend","timestamp":"2026-05-16 16:42:06"}
{"level":"info","message":"OPTIONS /api/v1/auth/login","service":"taskforge-backend","timestamp":"2026-05-16 16:42:40"}
{"level":"info","message":"POST /api/v1/auth/login","service":"taskforge-backend","timestamp":"2026-05-16 16:42:40"}
{"level":"info","message":"User logged in: ahsanmohd77@gmail.com","service":"taskforge-backend","timestamp":"2026-05-16 16:42:40"}
{"level":"info","message":"OPTIONS /api/v1/teams","service":"taskforge-backend","timestamp":"2026-05-16 16:46:03"}
{"level":"info","message":"OPTIONS /api/v1/teams","service":"taskforge-backend","timestamp":"2026-05-16 16:46:03"}
{"level":"info","message":"GET /api/v1/teams","service":"taskforge-backend","timestamp":"2026-05-16 16:46:03"}
{"level":"info","message":"GET /api/v1/teams","service":"taskforge-backend","timestamp":"2026-05-16 16:46:03"}
{"level":"info","message":"OPTIONS /api/v1/auth/login","service":"taskforge-backend","timestamp":"2026-05-16 16:46:31"}
{"level":"info","message":"POST /api/v1/auth/login","service":"taskforge-backend","timestamp":"2026-05-16 16:46:31"}
{"level":"info","message":"User logged in: ahsanmohd77@gmail.com","service":"taskforge-backend","timestamp":"2026-05-16 16:46:31"}
{"level":"info","message":"OPTIONS /api/v1/teams","service":"taskforge-backend","timestamp":"2026-05-16 16:46:31"}
{"level":"info","message":"GET /api/v1/teams","service":"taskforge-backend","timestamp":"2026-05-16 16:46:31"}
{"level":"info","message":"🔌 Socket connected: 2svGgS9xE3ZhMc3iAAAT","service":"taskforge-backend","timestamp":"2026-05-16 16:46:32"}
{"level":"info","message":"🔌 Socket disconnected: 2svGgS9xE3ZhMc3iAAAT","service":"taskforge-backend","timestamp":"2026-05-16 16:46:49"}
{"level":"info","message":"OPTIONS /api/v1/auth/login","service":"taskforge-backend","timestamp":"2026-05-16 16:46:58"}
{"level":"info","message":"POST /api/v1/auth/login","service":"taskforge-backend","timestamp":"2026-05-16 16:46:58"}
{"data":null,"errors":[],"level":"error","message":"Login error: Invalid email or password","name":"UnauthorizedError","service":"taskforge-backend","stack":"UnauthorizedError: Invalid email or password\n    at AuthService.login (file:///C:/Users/farma/OneDrive/Desktop/Team%20Task%20Manager/backend-auth/src/services/auth.service.js:64:15)\n    at process.processTicksAndRejections (node:internal/process/task_queues:105:5)\n    at async file:///C:/Users/farma/OneDrive/Desktop/Team%20Task%20Manager/backend-auth/src/controllers/auth.controller.js:22:18\n    at async file:///C:/Users/farma/OneDrive/Desktop/Team%20Task%20Manager/backend-auth/src/utils/helpers.js:3:5","statusCode":401,"success":false,"timestamp":"2026-05-16 16:46:58"}
{"error":{"data":null,"errors":[],"name":"UnauthorizedError","statusCode":401,"success":false},"level":"error","message":"401 Invalid email or password","service":"taskforge-backend","timestamp":"2026-05-16 16:46:58"}
{"level":"info","message":"OPTIONS /api/v1/auth/refresh-token","service":"taskforge-backend","timestamp":"2026-05-16 16:46:58"}
{"level":"info","message":"POST /api/v1/auth/refresh-token","service":"taskforge-backend","timestamp":"2026-05-16 16:46:58"}
{"error":{"data":null,"errors":[{"field":"refreshToken","message":"\"refreshToken\" must be a string"}],"name":"ValidationError","statusCode":400,"success":false},"level":"error","message":"400 Validation failed","service":"taskforge-backend","timestamp":"2026-05-16 16:46:58"}
{"level":"info","message":"OPTIONS /api/v1/auth/login","service":"taskforge-backend","timestamp":"2026-05-16 16:47:24"}
{"level":"info","message":"POST /api/v1/auth/login","service":"taskforge-backend","timestamp":"2026-05-16 16:47:24"}
{"level":"info","message":"User logged in: ahsanmohd77@gmail.com","service":"taskforge-backend","timestamp":"2026-05-16 16:47:24"}
{"level":"info","message":"OPTIONS /api/v1/teams","service":"taskforge-backend","timestamp":"2026-05-16 16:47:24"}
{"level":"info","message":"GET /api/v1/teams","service":"taskforge-backend","timestamp":"2026-05-16 16:47:24"}
{"level":"info","message":"🔌 Socket connected: ZmYstCvtCJWes37IAAAW","service":"taskforge-backend","timestamp":"2026-05-16 16:47:24"}
{"level":"info","message":"OPTIONS /api/v1/projects","service":"taskforge-backend","timestamp":"2026-05-16 16:49:37"}
{"level":"info","message":"POST /api/v1/projects","service":"taskforge-backend","timestamp":"2026-05-16 16:49:37"}
{"level":"info","message":"OPTIONS /api/v1/projects/cmp897sic00023whrs8s4qkoa/stats","service":"taskforge-backend","timestamp":"2026-05-16 16:49:38"}
{"level":"info","message":"GET /api/v1/projects/cmp897sic00023whrs8s4qkoa/stats","service":"taskforge-backend","timestamp":"2026-05-16 16:49:38"}
{"error":{"clientVersion":"7.8.0","name":"PrismaClientValidationError"},"level":"error","message":"500 \nInvalid `prisma.task.count()` invocation:\n\n{\n  select: {\n    _count: {\n      select: {\n        _all: true\n      }\n    }\n  },\n  where: {\n    projectId: \"cmp897sic00023whrs8s4qkoa\",\n    status: {\n      in: [\n        \"IN_PROGRESS\",\n        \"REVIEW\"\n      ]\n      ~~~~~~~~~~~~~~~\n    }\n  }\n}\n\nInvalid value for argument `in`. Expected TaskStatus.","service":"taskforge-backend","timestamp":"2026-05-16 16:49:38"}
{"level":"info","message":"🔌 Socket disconnected: ZmYstCvtCJWes37IAAAW","service":"taskforge-backend","timestamp":"2026-05-16 16:51:17"}
{"level":"info","message":"OPTIONS /api/v1/teams","service":"taskforge-backend","timestamp":"2026-05-16 16:51:18"}
{"level":"info","message":"OPTIONS /api/v1/teams","service":"taskforge-backend","timestamp":"2026-05-16 16:51:18"}
{"level":"info","message":"GET /api/v1/teams","service":"taskforge-backend","timestamp":"2026-05-16 16:51:18"}
{"level":"info","message":"🔌 Socket connected: UvSyimJOt9RMMoBRAAAZ","service":"taskforge-backend","timestamp":"2026-05-16 16:51:18"}
{"level":"info","message":"GET /api/v1/teams","service":"taskforge-backend","timestamp":"2026-05-16 16:51:18"}
{"level":"info","message":"OPTIONS /api/v1/projects","service":"taskforge-backend","timestamp":"2026-05-16 16:51:43"}
{"level":"info","message":"POST /api/v1/projects","service":"taskforge-backend","timestamp":"2026-05-16 16:51:43"}
{"level":"info","message":"OPTIONS /api/v1/projects/cmp89ahbv00053whrwwx6wkrs/stats","service":"taskforge-backend","timestamp":"2026-05-16 16:51:43"}
{"level":"info","message":"GET /api/v1/projects/cmp89ahbv00053whrwwx6wkrs/stats","service":"taskforge-backend","timestamp":"2026-05-16 16:51:43"}
{"error":{"clientVersion":"7.8.0","name":"PrismaClientValidationError"},"level":"error","message":"500 \nInvalid `prisma.task.count()` invocation:\n\n{\n  select: {\n    _count: {\n      select: {\n        _all: true\n      }\n    }\n  },\n  where: {\n    projectId: \"cmp89ahbv00053whrwwx6wkrs\",\n    status: {\n      in: [\n        \"IN_PROGRESS\",\n        \"REVIEW\"\n      ]\n      ~~~~~~~~~~~~~~~\n    }\n  }\n}\n\nInvalid value for argument `in`. Expected TaskStatus.","service":"taskforge-backend","timestamp":"2026-05-16 16:51:43"}
{"level":"info","message":"✅ Database connected successfully","service":"taskforge-backend","timestamp":"2026-05-16 16:56:47"}
{"level":"info","message":"\n╔════════════════════════════════════════╗\n║  🚀 TaskForge Server Started           ║\n║  Port: 5000                             ║\n║  Environment: development        ║\n║  API Docs: http://localhost:5000/api/docs ║\n╚════════════════════════════════════════╝\n      ","service":"taskforge-backend","timestamp":"2026-05-16 16:56:47"}
{"level":"info","message":"🔌 Socket connected: 10vraVMSLPX3D00pAAAB","service":"taskforge-backend","timestamp":"2026-05-16 16:56:47"}
{"level":"info","message":"✅ Database connected successfully","service":"taskforge-backend","timestamp":"2026-05-16 16:56:57"}
{"level":"info","message":"\n╔════════════════════════════════════════╗\n║  🚀 TaskForge Server Started           ║\n║  Port: 5000                             ║\n║  Environment: development        ║\n║  API Docs: http://localhost:5000/api/docs ║\n╚════════════════════════════════════════╝\n      ","service":"taskforge-backend","timestamp":"2026-05-16 16:56:57"}
{"level":"info","message":"🔌 Socket connected: 6wDlHKZ4LHDexMsUAAAB","service":"taskforge-backend","timestamp":"2026-05-16 16:56:58"}
{"level":"info","message":"✅ Database connected successfully","service":"taskforge-backend","timestamp":"2026-05-16 16:57:17"}
{"level":"info","message":"\n╔════════════════════════════════════════╗\n║  🚀 TaskForge Server Started           ║\n║  Port: 5000                             ║\n║  Environment: development        ║\n║  API Docs: http://localhost:5000/api/docs ║\n╚════════════════════════════════════════╝\n      ","service":"taskforge-backend","timestamp":"2026-05-16 16:57:17"}
{"level":"info","message":"🔌 Socket connected: dIFTt6Evi3nRTwovAAAB","service":"taskforge-backend","timestamp":"2026-05-16 16:57:17"}
{"level":"info","message":"✅ Database connected successfully","service":"taskforge-backend","timestamp":"2026-05-16 16:57:23"}
{"level":"info","message":"\n╔════════════════════════════════════════╗\n║  🚀 TaskForge Server Started           ║\n║  Port: 5000                             ║\n║  Environment: development        ║\n║  API Docs: http://localhost:5000/api/docs ║\n╚════════════════════════════════════════╝\n      ","service":"taskforge-backend","timestamp":"2026-05-16 16:57:23"}
{"level":"info","message":"🔌 Socket connected: byA5sbOfCwCMHhqiAAAB","service":"taskforge-backend","timestamp":"2026-05-16 16:57:24"}
{"level":"info","message":"✅ Database connected successfully","service":"taskforge-backend","timestamp":"2026-05-16 16:57:34"}
{"level":"info","message":"\n╔════════════════════════════════════════╗\n║  🚀 TaskForge Server Started           ║\n║  Port: 5000                             ║\n║  Environment: development        ║\n║  API Docs: http://localhost:5000/api/docs ║\n╚════════════════════════════════════════╝\n      ","service":"taskforge-backend","timestamp":"2026-05-16 16:57:34"}
{"level":"info","message":"🔌 Socket connected: Kea794Wk_wHdabbOAAAB","service":"taskforge-backend","timestamp":"2026-05-16 16:57:35"}
{"level":"info","message":"✅ Database connected successfully","service":"taskforge-backend","timestamp":"2026-05-16 16:57:39"}
{"level":"info","message":"\n╔════════════════════════════════════════╗\n║  🚀 TaskForge Server Started           ║\n║  Port: 5000                             ║\n║  Environment: development        ║\n║  API Docs: http://localhost:5000/api/docs ║\n╚════════════════════════════════════════╝\n      ","service":"taskforge-backend","timestamp":"2026-05-16 16:57:39"}
{"level":"info","message":"🔌 Socket connected: XVwu8x0anXwLLmDbAAAB","service":"taskforge-backend","timestamp":"2026-05-16 16:57:40"}
{"level":"info","message":"OPTIONS /api/v1/tasks/me","service":"taskforge-backend","timestamp":"2026-05-16 16:58:15"}
{"level":"info","message":"OPTIONS /api/v1/tasks/me","service":"taskforge-backend","timestamp":"2026-05-16 16:58:15"}
{"level":"info","message":"GET /api/v1/tasks/me","service":"taskforge-backend","timestamp":"2026-05-16 16:58:15"}
{"level":"info","message":"GET /api/v1/tasks/me","service":"taskforge-backend","timestamp":"2026-05-16 16:58:15"}
{"level":"info","message":"GET /api/v1/tasks/me","service":"taskforge-backend","timestamp":"2026-05-16 16:58:20"}
{"level":"info","message":"OPTIONS /api/v1/tasks/me","service":"taskforge-backend","timestamp":"2026-05-16 16:59:04"}
{"level":"info","message":"GET /api/v1/tasks/me","service":"taskforge-backend","timestamp":"2026-05-16 16:59:04"}
{"level":"info","message":"OPTIONS /api/v1/tasks/me","service":"taskforge-backend","timestamp":"2026-05-16 16:59:13"}
{"level":"info","message":"OPTIONS /api/v1/tasks/me","service":"taskforge-backend","timestamp":"2026-05-16 16:59:13"}
{"level":"info","message":"GET /api/v1/tasks/me","service":"taskforge-backend","timestamp":"2026-05-16 16:59:13"}
{"level":"info","message":"GET /api/v1/tasks/me","service":"taskforge-backend","timestamp":"2026-05-16 16:59:13"}
{"level":"info","message":"OPTIONS /api/v1/tasks/me","service":"taskforge-backend","timestamp":"2026-05-16 16:59:19"}
{"level":"info","message":"GET /api/v1/tasks/me","service":"taskforge-backend","timestamp":"2026-05-16 16:59:19"}
{"level":"info","message":"🔌 Socket disconnected: XVwu8x0anXwLLmDbAAAB","service":"taskforge-backend","timestamp":"2026-05-16 17:01:33"}
{"level":"info","message":"OPTIONS /api/v1/auth/register","service":"taskforge-backend","timestamp":"2026-05-16 17:02:08"}
{"level":"info","message":"POST /api/v1/auth/register","service":"taskforge-backend","timestamp":"2026-05-16 17:02:08"}
{"error":{"data":null,"errors":[{"field":"password","message":"\"password\" length must be at least 8 characters long"}],"name":"ValidationError","statusCode":400,"success":false},"level":"error","message":"400 Validation failed","service":"taskforge-backend","timestamp":"2026-05-16 17:02:08"}
{"level":"info","message":"✅ Database connected successfully","service":"taskforge-backend","timestamp":"2026-05-16 17:02:46"}
{"level":"info","message":"\n╔════════════════════════════════════════╗\n║  🚀 TaskForge Server Started           ║\n║  Port: 5000                             ║\n║  Environment: development        ║\n║  API Docs: http://localhost:5000/api/docs ║\n╚════════════════════════════════════════╝\n      ","service":"taskforge-backend","timestamp":"2026-05-16 17:02:46"}
{"level":"info","message":"OPTIONS /api/v1/auth/register","service":"taskforge-backend","timestamp":"2026-05-16 17:08:59"}
{"level":"info","message":"POST /api/v1/auth/register","service":"taskforge-backend","timestamp":"2026-05-16 17:08:59"}
{"level":"info","message":"New user registered: farmanahsan77@gmail.com","service":"taskforge-backend","timestamp":"2026-05-16 17:08:59"}
{"level":"info","message":"OPTIONS /api/v1/teams","service":"taskforge-backend","timestamp":"2026-05-16 17:08:59"}
{"level":"info","message":"GET /api/v1/teams","service":"taskforge-backend","timestamp":"2026-05-16 17:08:59"}
{"level":"info","message":"OPTIONS /api/v1/projects/cmp89ahbv00053whrwwx6wkrs/stats","service":"taskforge-backend","timestamp":"2026-05-16 17:08:59"}
{"level":"info","message":"GET /api/v1/projects/cmp89ahbv00053whrwwx6wkrs/stats","service":"taskforge-backend","timestamp":"2026-05-16 17:08:59"}
{"error":{"clientVersion":"7.8.0","name":"PrismaClientValidationError"},"level":"error","message":"500 \nInvalid `prisma.task.count()` invocation:\n\n{\n  select: {\n    _count: {\n      select: {\n        _all: true\n      }\n    }\n  },\n  where: {\n    projectId: \"cmp89ahbv00053whrwwx6wkrs\",\n    status: {\n      in: [\n        \"IN_PROGRESS\",\n        \"REVIEW\"\n      ]\n      ~~~~~~~~~~~~~~~\n    }\n  }\n}\n\nInvalid value for argument `in`. Expected TaskStatus.","service":"taskforge-backend","timestamp":"2026-05-16 17:08:59"}
{"level":"info","message":"GET /api/v1/projects/cmp89ahbv00053whrwwx6wkrs/stats","service":"taskforge-backend","timestamp":"2026-05-16 17:08:59"}
{"error":{"clientVersion":"7.8.0","name":"PrismaClientValidationError"},"level":"error","message":"500 \nInvalid `prisma.task.count()` invocation:\n\n{\n  select: {\n    _count: {\n      select: {\n        _all: true\n      }\n    }\n  },\n  where: {\n    projectId: \"cmp89ahbv00053whrwwx6wkrs\",\n    status: {\n      in: [\n        \"IN_PROGRESS\",\n        \"REVIEW\"\n      ]\n      ~~~~~~~~~~~~~~~\n    }\n  }\n}\n\nInvalid value for argument `in`. Expected TaskStatus.","service":"taskforge-backend","timestamp":"2026-05-16 17:08:59"}
{"level":"info","message":"🔌 Socket connected: a6Ublo70mlaw_GdeAAAC","service":"taskforge-backend","timestamp":"2026-05-16 17:08:59"}
{"level":"info","message":"🔌 Socket disconnected: a6Ublo70mlaw_GdeAAAC","service":"taskforge-backend","timestamp":"2026-05-16 17:09:49"}
{"level":"info","message":"OPTIONS /api/v1/auth/login","service":"taskforge-backend","timestamp":"2026-05-16 17:10:09"}
{"level":"info","message":"POST /api/v1/auth/login","service":"taskforge-backend","timestamp":"2026-05-16 17:10:09"}
{"level":"info","message":"User logged in: ahsanmohd77@gmail.com","service":"taskforge-backend","timestamp":"2026-05-16 17:10:09"}
{"level":"info","message":"OPTIONS /api/v1/teams","service":"taskforge-backend","timestamp":"2026-05-16 17:10:09"}
{"level":"info","message":"GET /api/v1/teams","service":"taskforge-backend","timestamp":"2026-05-16 17:10:09"}
{"level":"info","message":"OPTIONS /api/v1/tasks/me","service":"taskforge-backend","timestamp":"2026-05-16 17:10:09"}
{"level":"info","message":"GET /api/v1/tasks/me","service":"taskforge-backend","timestamp":"2026-05-16 17:10:09"}
{"level":"info","message":"🔌 Socket connected: E1w9LF-3uzjILocnAAAF","service":"taskforge-backend","timestamp":"2026-05-16 17:10:09"}
{"level":"info","message":"GET /api/v1/tasks/me","service":"taskforge-backend","timestamp":"2026-05-16 17:10:09"}
{"level":"info","message":"OPTIONS /api/v1/tasks/me","service":"taskforge-backend","timestamp":"2026-05-16 17:10:25"}
{"level":"info","message":"OPTIONS /api/v1/tasks/me","service":"taskforge-backend","timestamp":"2026-05-16 17:10:25"}
{"level":"info","message":"GET /api/v1/tasks/me","service":"taskforge-backend","timestamp":"2026-05-16 17:10:25"}
{"level":"info","message":"GET /api/v1/tasks/me","service":"taskforge-backend","timestamp":"2026-05-16 17:10:25"}
{"level":"info","message":"GET /api/v1/tasks/me","service":"taskforge-backend","timestamp":"2026-05-16 17:10:29"}
{"level":"info","message":"GET /api/v1/tasks/me","service":"taskforge-backend","timestamp":"2026-05-16 17:10:29"}
{"level":"info","message":"🔌 Socket disconnected: E1w9LF-3uzjILocnAAAF","service":"taskforge-backend","timestamp":"2026-05-16 17:10:41"}
{"level":"info","message":"OPTIONS /api/v1/auth/login","service":"taskforge-backend","timestamp":"2026-05-16 17:10:49"}
{"level":"info","message":"POST /api/v1/auth/login","service":"taskforge-backend","timestamp":"2026-05-16 17:10:49"}
{"level":"info","message":"User logged in: farmanahsan77@gmail.com","service":"taskforge-backend","timestamp":"2026-05-16 17:10:49"}
{"level":"info","message":"OPTIONS /api/v1/teams","service":"taskforge-backend","timestamp":"2026-05-16 17:10:49"}
{"level":"info","message":"GET /api/v1/teams","service":"taskforge-backend","timestamp":"2026-05-16 17:10:49"}
{"level":"info","message":"OPTIONS /api/v1/projects/cmp89ahbv00053whrwwx6wkrs/stats","service":"taskforge-backend","timestamp":"2026-05-16 17:10:49"}
{"level":"info","message":"OPTIONS /api/v1/projects/cmp89ahbv00053whrwwx6wkrs/stats","service":"taskforge-backend","timestamp":"2026-05-16 17:10:49"}
{"level":"info","message":"GET /api/v1/projects/cmp89ahbv00053whrwwx6wkrs/stats","service":"taskforge-backend","timestamp":"2026-05-16 17:10:49"}
{"error":{"clientVersion":"7.8.0","name":"PrismaClientValidationError"},"level":"error","message":"500 \nInvalid `prisma.task.count()` invocation:\n\n{\n  select: {\n    _count: {\n      select: {\n        _all: true\n      }\n    }\n  },\n  where: {\n    projectId: \"cmp89ahbv00053whrwwx6wkrs\",\n    status: {\n      in: [\n        \"IN_PROGRESS\",\n        \"REVIEW\"\n      ]\n      ~~~~~~~~~~~~~~~\n    }\n  }\n}\n\nInvalid value for argument `in`. Expected TaskStatus.","service":"taskforge-backend","timestamp":"2026-05-16 17:10:49"}
{"level":"info","message":"GET /api/v1/projects/cmp89ahbv00053whrwwx6wkrs/stats","service":"taskforge-backend","timestamp":"2026-05-16 17:10:49"}
{"error":{"clientVersion":"7.8.0","name":"PrismaClientValidationError"},"level":"error","message":"500 \nInvalid `prisma.task.count()` invocation:\n\n{\n  select: {\n    _count: {\n      select: {\n        _all: true\n      }\n    }\n  },\n  where: {\n    projectId: \"cmp89ahbv00053whrwwx6wkrs\",\n    status: {\n      in: [\n        \"IN_PROGRESS\",\n        \"REVIEW\"\n      ]\n      ~~~~~~~~~~~~~~~\n    }\n  }\n}\n\nInvalid value for argument `in`. Expected TaskStatus.","service":"taskforge-backend","timestamp":"2026-05-16 17:10:49"}
{"level":"info","message":"🔌 Socket connected: ZBXRPOyJydk0fh2SAAAI","service":"taskforge-backend","timestamp":"2026-05-16 17:10:49"}
{"level":"info","message":"OPTIONS /api/v1/teams/mock-1/reports","service":"taskforge-backend","timestamp":"2026-05-16 17:10:59"}
{"level":"info","message":"OPTIONS /api/v1/teams/mock-1/reports","service":"taskforge-backend","timestamp":"2026-05-16 17:10:59"}
{"level":"info","message":"GET /api/v1/teams/mock-1/reports","service":"taskforge-backend","timestamp":"2026-05-16 17:10:59"}
{"error":{"data":null,"errors":[],"name":"ForbiddenError","statusCode":403,"success":false},"level":"error","message":"403 Access denied","service":"taskforge-backend","timestamp":"2026-05-16 17:10:59"}
{"level":"info","message":"GET /api/v1/teams/mock-1/reports","service":"taskforge-backend","timestamp":"2026-05-16 17:10:59"}
{"error":{"data":null,"errors":[],"name":"ForbiddenError","statusCode":403,"success":false},"level":"error","message":"403 Access denied","service":"taskforge-backend","timestamp":"2026-05-16 17:10:59"}
{"level":"info","message":"GET /api/v1/teams/mock-1/reports","service":"taskforge-backend","timestamp":"2026-05-16 17:11:02"}
{"error":{"data":null,"errors":[],"name":"ForbiddenError","statusCode":403,"success":false},"level":"error","message":"403 Access denied","service":"taskforge-backend","timestamp":"2026-05-16 17:11:02"}
{"level":"info","message":"GET /api/v1/teams/mock-1/reports","service":"taskforge-backend","timestamp":"2026-05-16 17:11:02"}
{"error":{"data":null,"errors":[],"name":"ForbiddenError","statusCode":403,"success":false},"level":"error","message":"403 Access denied","service":"taskforge-backend","timestamp":"2026-05-16 17:11:02"}
{"level":"info","message":"OPTIONS /api/v1/projects/cmp89ahbv00053whrwwx6wkrs/stats","service":"taskforge-backend","timestamp":"2026-05-16 17:11:07"}
{"level":"info","message":"OPTIONS /api/v1/projects/cmp89ahbv00053whrwwx6wkrs/stats","service":"taskforge-backend","timestamp":"2026-05-16 17:11:07"}
{"level":"info","message":"GET /api/v1/projects/cmp89ahbv00053whrwwx6wkrs/stats","service":"taskforge-backend","timestamp":"2026-05-16 17:11:07"}
{"error":{"clientVersion":"7.8.0","name":"PrismaClientValidationError"},"level":"error","message":"500 \nInvalid `prisma.task.count()` invocation:\n\n{\n  select: {\n    _count: {\n      select: {\n        _all: true\n      }\n    }\n  },\n  where: {\n    projectId: \"cmp89ahbv00053whrwwx6wkrs\",\n    status: {\n      in: [\n        \"IN_PROGRESS\",\n        \"REVIEW\"\n      ]\n      ~~~~~~~~~~~~~~~\n    }\n  }\n}\n\nInvalid value for argument `in`. Expected TaskStatus.","service":"taskforge-backend","timestamp":"2026-05-16 17:11:07"}
{"level":"info","message":"GET /api/v1/projects/cmp89ahbv00053whrwwx6wkrs/stats","service":"taskforge-backend","timestamp":"2026-05-16 17:11:07"}
{"error":{"clientVersion":"7.8.0","name":"PrismaClientValidationError"},"level":"error","message":"500 \nInvalid `prisma.task.count()` invocation:\n\n{\n  select: {\n    _count: {\n      select: {\n        _all: true\n      }\n    }\n  },\n  where: {\n    projectId: \"cmp89ahbv00053whrwwx6wkrs\",\n    status: {\n      in: [\n        \"IN_PROGRESS\",\n        \"REVIEW\"\n      ]\n      ~~~~~~~~~~~~~~~\n    }\n  }\n}\n\nInvalid value for argument `in`. Expected TaskStatus.","service":"taskforge-backend","timestamp":"2026-05-16 17:11:07"}
{"level":"info","message":"✅ Database connected successfully","service":"taskforge-backend","timestamp":"2026-05-16 17:13:43"}
{"level":"info","message":"\n╔════════════════════════════════════════╗\n║  🚀 TaskForge Server Started           ║\n║  Port: 5000                             ║\n║  Environment: development        ║\n║  API Docs: http://localhost:5000/api/docs ║\n╚════════════════════════════════════════╝\n      ","service":"taskforge-backend","timestamp":"2026-05-16 17:13:43"}
{"level":"info","message":"✅ Database connected successfully","service":"taskforge-backend","timestamp":"2026-05-16 17:13:48"}
{"level":"info","message":"\n╔════════════════════════════════════════╗\n║  🚀 TaskForge Server Started           ║\n║  Port: 5000                             ║\n║  Environment: development        ║\n║  API Docs: http://localhost:5000/api/docs ║\n╚════════════════════════════════════════╝\n      ","service":"taskforge-backend","timestamp":"2026-05-16 17:13:48"}
{"level":"info","message":"OPTIONS /api/v1/projects/cmp89ahbv00053whrwwx6wkrs/stats","service":"taskforge-backend","timestamp":"2026-05-16 17:22:21"}
{"level":"info","message":"GET /api/v1/projects/cmp89ahbv00053whrwwx6wkrs/stats","service":"taskforge-backend","timestamp":"2026-05-16 17:22:21"}
{"level":"info","message":"OPTIONS /api/v1/projects/cmp89ahbv00053whrwwx6wkrs/stats","service":"taskforge-backend","timestamp":"2026-05-16 17:22:22"}
{"level":"info","message":"🔌 Socket connected: OBK_Kh8xVhSjC6hjAAAB","service":"taskforge-backend","timestamp":"2026-05-16 17:22:22"}
{"error":{"clientVersion":"7.8.0","name":"PrismaClientValidationError"},"level":"error","message":"500 \nInvalid `prisma.task.count()` invocation:\n\n{\n  select: {\n    _count: {\n      select: {\n        _all: true\n      }\n    }\n  },\n  where: {\n    projectId: \"cmp89ahbv00053whrwwx6wkrs\",\n    status: {\n      in: [\n        \"IN_PROGRESS\",\n        \"REVIEW\"\n      ]\n      ~~~~~~~~~~~~~~~\n    }\n  }\n}\n\nInvalid value for argument `in`. Expected TaskStatus.","service":"taskforge-backend","timestamp":"2026-05-16 17:22:22"}
{"level":"info","message":"GET /api/v1/projects/cmp89ahbv00053whrwwx6wkrs/stats","service":"taskforge-backend","timestamp":"2026-05-16 17:22:22"}
{"error":{"clientVersion":"7.8.0","name":"PrismaClientValidationError"},"level":"error","message":"500 \nInvalid `prisma.task.count()` invocation:\n\n{\n  select: {\n    _count: {\n      select: {\n        _all: true\n      }\n    }\n  },\n  where: {\n    projectId: \"cmp89ahbv00053whrwwx6wkrs\",\n    status: {\n      in: [\n        \"IN_PROGRESS\",\n        \"REVIEW\"\n      ]\n      ~~~~~~~~~~~~~~~\n    }\n  }\n}\n\nInvalid value for argument `in`. Expected TaskStatus.","service":"taskforge-backend","timestamp":"2026-05-16 17:22:22"}
{"level":"info","message":"OPTIONS /api/v1/projects/cmp89ahbv00053whrwwx6wkrs/stats","service":"taskforge-backend","timestamp":"2026-05-16 17:22:48"}
{"level":"info","message":"GET /api/v1/projects/cmp89ahbv00053whrwwx6wkrs/stats","service":"taskforge-backend","timestamp":"2026-05-16 17:22:48"}
{"error":{"clientVersion":"7.8.0","name":"PrismaClientValidationError"},"level":"error","message":"500 \nInvalid `prisma.task.count()` invocation:\n\n{\n  select: {\n    _count: {\n      select: {\n        _all: true\n      }\n    }\n  },\n  where: {\n    projectId: \"cmp89ahbv00053whrwwx6wkrs\",\n    status: {\n      in: [\n        \"IN_PROGRESS\",\n        \"REVIEW\"\n      ]\n      ~~~~~~~~~~~~~~~\n    }\n  }\n}\n\nInvalid value for argument `in`. Expected TaskStatus.","service":"taskforge-backend","timestamp":"2026-05-16 17:22:48"}
{"level":"info","message":"OPTIONS /api/v1/projects/cmp89ahbv00053whrwwx6wkrs/stats","service":"taskforge-backend","timestamp":"2026-05-16 17:23:12"}
{"level":"info","message":"OPTIONS /api/v1/projects/cmp89ahbv00053whrwwx6wkrs/stats","service":"taskforge-backend","timestamp":"2026-05-16 17:23:12"}
{"level":"info","message":"GET /api/v1/projects/cmp89ahbv00053whrwwx6wkrs/stats","service":"taskforge-backend","timestamp":"2026-05-16 17:23:12"}
{"error":{"clientVersion":"7.8.0","name":"PrismaClientValidationError"},"level":"error","message":"500 \nInvalid `prisma.task.count()` invocation:\n\n{\n  select: {\n    _count: {\n      select: {\n        _all: true\n      }\n    }\n  },\n  where: {\n    projectId: \"cmp89ahbv00053whrwwx6wkrs\",\n    status: {\n      in: [\n        \"IN_PROGRESS\",\n        \"REVIEW\"\n      ]\n      ~~~~~~~~~~~~~~~\n    }\n  }\n}\n\nInvalid value for argument `in`. Expected TaskStatus.","service":"taskforge-backend","timestamp":"2026-05-16 17:23:12"}
{"level":"info","message":"GET /api/v1/projects/cmp89ahbv00053whrwwx6wkrs/stats","service":"taskforge-backend","timestamp":"2026-05-16 17:23:12"}
{"error":{"clientVersion":"7.8.0","name":"PrismaClientValidationError"},"level":"error","message":"500 \nInvalid `prisma.task.count()` invocation:\n\n{\n  select: {\n    _count: {\n      select: {\n        _all: true\n      }\n    }\n  },\n  where: {\n    projectId: \"cmp89ahbv00053whrwwx6wkrs\",\n    status: {\n      in: [\n        \"IN_PROGRESS\",\n        \"REVIEW\"\n      ]\n      ~~~~~~~~~~~~~~~\n    }\n  }\n}\n\nInvalid value for argument `in`. Expected TaskStatus.","service":"taskforge-backend","timestamp":"2026-05-16 17:23:12"}
{"level":"info","message":"OPTIONS /api/v1/projects/cmp89ahbv00053whrwwx6wkrs/stats","service":"taskforge-backend","timestamp":"2026-05-16 17:23:26"}
{"level":"info","message":"OPTIONS /api/v1/projects/cmp89ahbv00053whrwwx6wkrs/stats","service":"taskforge-backend","timestamp":"2026-05-16 17:23:26"}
{"level":"info","message":"GET /api/v1/projects/cmp89ahbv00053whrwwx6wkrs/stats","service":"taskforge-backend","timestamp":"2026-05-16 17:23:26"}
{"error":{"clientVersion":"7.8.0","name":"PrismaClientValidationError"},"level":"error","message":"500 \nInvalid `prisma.task.count()` invocation:\n\n{\n  select: {\n    _count: {\n      select: {\n        _all: true\n      }\n    }\n  },\n  where: {\n    projectId: \"cmp89ahbv00053whrwwx6wkrs\",\n    status: {\n      in: [\n        \"IN_PROGRESS\",\n        \"REVIEW\"\n      ]\n      ~~~~~~~~~~~~~~~\n    }\n  }\n}\n\nInvalid value for argument `in`. Expected TaskStatus.","service":"taskforge-backend","timestamp":"2026-05-16 17:23:26"}
{"level":"info","message":"GET /api/v1/projects/cmp89ahbv00053whrwwx6wkrs/stats","service":"taskforge-backend","timestamp":"2026-05-16 17:23:26"}
{"error":{"clientVersion":"7.8.0","name":"PrismaClientValidationError"},"level":"error","message":"500 \nInvalid `prisma.task.count()` invocation:\n\n{\n  select: {\n    _count: {\n      select: {\n        _all: true\n      }\n    }\n  },\n  where: {\n    projectId: \"cmp89ahbv00053whrwwx6wkrs\",\n    status: {\n      in: [\n        \"IN_PROGRESS\",\n        \"REVIEW\"\n      ]\n      ~~~~~~~~~~~~~~~\n    }\n  }\n}\n\nInvalid value for argument `in`. Expected TaskStatus.","service":"taskforge-backend","timestamp":"2026-05-16 17:23:26"}
{"level":"info","message":"OPTIONS /api/v1/projects/cmp89ahbv00053whrwwx6wkrs/stats","service":"taskforge-backend","timestamp":"2026-05-16 17:23:36"}
{"level":"info","message":"OPTIONS /api/v1/projects/cmp89ahbv00053whrwwx6wkrs/stats","service":"taskforge-backend","timestamp":"2026-05-16 17:23:36"}
{"level":"info","message":"GET /api/v1/projects/cmp89ahbv00053whrwwx6wkrs/stats","service":"taskforge-backend","timestamp":"2026-05-16 17:23:36"}
{"error":{"clientVersion":"7.8.0","name":"PrismaClientValidationError"},"level":"error","message":"500 \nInvalid `prisma.task.count()` invocation:\n\n{\n  select: {\n    _count: {\n      select: {\n        _all: true\n      }\n    }\n  },\n  where: {\n    projectId: \"cmp89ahbv00053whrwwx6wkrs\",\n    status: {\n      in: [\n        \"IN_PROGRESS\",\n        \"REVIEW\"\n      ]\n      ~~~~~~~~~~~~~~~\n    }\n  }\n}\n\nInvalid value for argument `in`. Expected TaskStatus.","service":"taskforge-backend","timestamp":"2026-05-16 17:23:36"}
{"level":"info","message":"GET /api/v1/projects/cmp89ahbv00053whrwwx6wkrs/stats","service":"taskforge-backend","timestamp":"2026-05-16 17:23:36"}
{"error":{"clientVersion":"7.8.0","name":"PrismaClientValidationError"},"level":"error","message":"500 \nInvalid `prisma.task.count()` invocation:\n\n{\n  select: {\n    _count: {\n      select: {\n        _all: true\n      }\n    }\n  },\n  where: {\n    projectId: \"cmp89ahbv00053whrwwx6wkrs\",\n    status: {\n      in: [\n        \"IN_PROGRESS\",\n        \"REVIEW\"\n      ]\n      ~~~~~~~~~~~~~~~\n    }\n  }\n}\n\nInvalid value for argument `in`. Expected TaskStatus.","service":"taskforge-backend","timestamp":"2026-05-16 17:23:36"}
{"level":"info","message":"OPTIONS /api/v1/auth/users","service":"taskforge-backend","timestamp":"2026-05-16 17:23:44"}
{"level":"info","message":"GET /api/v1/auth/users","service":"taskforge-backend","timestamp":"2026-05-16 17:23:44"}
{"level":"info","message":"OPTIONS /api/v1/auth/users","service":"taskforge-backend","timestamp":"2026-05-16 17:24:14"}
{"level":"info","message":"GET /api/v1/auth/users","service":"taskforge-backend","timestamp":"2026-05-16 17:24:14"}
{"level":"info","message":"✅ Database connected successfully","service":"taskforge-backend","timestamp":"2026-05-16 17:30:14"}
{"level":"info","message":"\n╔════════════════════════════════════════╗\n║  🚀 TaskForge Server Started           ║\n║  Port: 5000                             ║\n║  Environment: development        ║\n║  API Docs: http://localhost:5000/api/docs ║\n╚════════════════════════════════════════╝\n      ","service":"taskforge-backend","timestamp":"2026-05-16 17:30:14"}
{"level":"info","message":"🔌 Socket connected: _CXMUJQ-kKbUrWL7AAAB","service":"taskforge-backend","timestamp":"2026-05-16 17:30:19"}
{"level":"info","message":"✅ Database connected successfully","service":"taskforge-backend","timestamp":"2026-05-16 17:30:23"}
{"level":"info","message":"\n╔════════════════════════════════════════╗\n║  🚀 TaskForge Server Started           ║\n║  Port: 5000                             ║\n║  Environment: development        ║\n║  API Docs: http://localhost:5000/api/docs ║\n╚════════════════════════════════════════╝\n      ","service":"taskforge-backend","timestamp":"2026-05-16 17:30:23"}
{"level":"info","message":"🔌 Socket connected: WhFfn7o7uVyGyD82AAAB","service":"taskforge-backend","timestamp":"2026-05-16 17:30:24"}
{"level":"info","message":"✅ Database connected successfully","service":"taskforge-backend","timestamp":"2026-05-16 17:30:33"}
{"level":"info","message":"\n╔════════════════════════════════════════╗\n║  🚀 TaskForge Server Started           ║\n║  Port: 5000                             ║\n║  Environment: development        ║\n║  API Docs: http://localhost:5000/api/docs ║\n╚════════════════════════════════════════╝\n      ","service":"taskforge-backend","timestamp":"2026-05-16 17:30:33"}
{"level":"info","message":"🔌 Socket connected: QIFWdhMHkohPLGlpAAAB","service":"taskforge-backend","timestamp":"2026-05-16 17:30:34"}
{"level":"info","message":"✅ Database connected successfully","service":"taskforge-backend","timestamp":"2026-05-16 17:30:40"}
{"level":"info","message":"\n╔════════════════════════════════════════╗\n║  🚀 TaskForge Server Started           ║\n║  Port: 5000                             ║\n║  Environment: development        ║\n║  API Docs: http://localhost:5000/api/docs ║\n╚════════════════════════════════════════╝\n      ","service":"taskforge-backend","timestamp":"2026-05-16 17:30:40"}
{"level":"info","message":"🔌 Socket connected: P_IduNOrqm00yBkNAAAB","service":"taskforge-backend","timestamp":"2026-05-16 17:30:41"}
{"level":"info","message":"✅ Database connected successfully","service":"taskforge-backend","timestamp":"2026-05-16 17:30:46"}
{"level":"info","message":"\n╔════════════════════════════════════════╗\n║  🚀 TaskForge Server Started           ║\n║  Port: 5000                             ║\n║  Environment: development        ║\n║  API Docs: http://localhost:5000/api/docs ║\n╚════════════════════════════════════════╝\n      ","service":"taskforge-backend","timestamp":"2026-05-16 17:30:46"}
{"level":"info","message":"🔌 Socket connected: bcJDvSy-Z7U5BXoMAAAB","service":"taskforge-backend","timestamp":"2026-05-16 17:30:47"}
{"level":"info","message":"🔌 Socket disconnected: bcJDvSy-Z7U5BXoMAAAB","service":"taskforge-backend","timestamp":"2026-05-16 17:31:32"}
{"level":"info","message":"🔌 Socket connected: WHlDJhSpCL32TGPnAAAD","service":"taskforge-backend","timestamp":"2026-05-16 17:32:01"}
{"level":"info","message":"OPTIONS /api/v1/auth/users","service":"taskforge-backend","timestamp":"2026-05-16 17:32:03"}
{"level":"info","message":"GET /api/v1/auth/users","service":"taskforge-backend","timestamp":"2026-05-16 17:32:03"}
{"level":"error","message":"Auth middleware error: Invalid access token","service":"taskforge-backend","stack":"Error: Invalid access token\n    at verifyAccessToken (file:///C:/Users/farma/OneDrive/Desktop/Team%20Task%20Manager/backend-auth/src/utils/jwt.js:23:11)\n    at authMiddleware (file:///C:/Users/farma/OneDrive/Desktop/Team%20Task%20Manager/backend-auth/src/middlewares/auth.middleware.js:13:21)\n    at Layer.handleRequest (C:\\Users\\farma\\OneDrive\\Desktop\\Team Task Manager\\backend-auth\\node_modules\\router\\lib\\layer.js:152:17)\n    at next (C:\\Users\\farma\\OneDrive\\Desktop\\Team Task Manager\\backend-auth\\node_modules\\router\\lib\\route.js:157:13)\n    at Route.dispatch (C:\\Users\\farma\\OneDrive\\Desktop\\Team Task Manager\\backend-auth\\node_modules\\router\\lib\\route.js:117:3)\n    at handle (C:\\Users\\farma\\OneDrive\\Desktop\\Team Task Manager\\backend-auth\\node_modules\\router\\index.js:435:11)\n    at Layer.handleRequest (C:\\Users\\farma\\OneDrive\\Desktop\\Team Task Manager\\backend-auth\\node_modules\\router\\lib\\layer.js:152:17)\n    at C:\\Users\\farma\\OneDrive\\Desktop\\Team Task Manager\\backend-auth\\node_modules\\router\\index.js:295:15\n    at processParams (C:\\Users\\farma\\OneDrive\\Desktop\\Team Task Manager\\backend-auth\\node_modules\\router\\index.js:582:12)\n    at next (C:\\Users\\farma\\OneDrive\\Desktop\\Team Task Manager\\backend-auth\\node_modules\\router\\index.js:291:5)","timestamp":"2026-05-16 17:32:03"}
{"error":{"data":null,"errors":[],"name":"UnauthorizedError","statusCode":401,"success":false},"level":"error","message":"401 Invalid access token","service":"taskforge-backend","timestamp":"2026-05-16 17:32:03"}
{"level":"info","message":"✅ Database connected successfully","service":"taskforge-backend","timestamp":"2026-05-16 17:34:11"}
{"level":"info","message":"\n╔════════════════════════════════════════╗\n║  🚀 TaskForge Server Started           ║\n║  Port: 5000                             ║\n║  Environment: development        ║\n║  API Docs: http://localhost:5000/api/docs ║\n╚════════════════════════════════════════╝\n      ","service":"taskforge-backend","timestamp":"2026-05-16 17:34:11"}
{"level":"info","message":"🔌 Socket connected: mk14Rmm3sxhkJ-6HAAAB","service":"taskforge-backend","timestamp":"2026-05-16 17:34:12"}
{"level":"info","message":"✅ Database connected successfully","service":"taskforge-backend","timestamp":"2026-05-16 17:35:15"}
{"level":"info","message":"\n╔════════════════════════════════════════╗\n║  🚀 TaskForge Server Started           ║\n║  Port: 5000                             ║\n║  Environment: development        ║\n║  API Docs: http://localhost:5000/api/docs ║\n╚════════════════════════════════════════╝\n      ","service":"taskforge-backend","timestamp":"2026-05-16 17:35:15"}
{"level":"info","message":"🔌 Socket connected: mz0vV3e2sE0380spAAAB","service":"taskforge-backend","timestamp":"2026-05-16 17:35:16"}
{"level":"info","message":"OPTIONS /api/v1/auth/users","service":"taskforge-backend","timestamp":"2026-05-16 17:35:25"}
{"level":"info","message":"GET /api/v1/auth/users","service":"taskforge-backend","timestamp":"2026-05-16 17:35:25"}
{"level":"error","message":"Auth middleware error: Invalid access token","service":"taskforge-backend","stack":"Error: Invalid access token\n    at verifyAccessToken (file:///C:/Users/farma/OneDrive/Desktop/Team%20Task%20Manager/backend-auth/src/utils/jwt.js:23:11)\n    at authMiddleware (file:///C:/Users/farma/OneDrive/Desktop/Team%20Task%20Manager/backend-auth/src/middlewares/auth.middleware.js:13:21)\n    at Layer.handleRequest (C:\\Users\\farma\\OneDrive\\Desktop\\Team Task Manager\\backend-auth\\node_modules\\router\\lib\\layer.js:152:17)\n    at next (C:\\Users\\farma\\OneDrive\\Desktop\\Team Task Manager\\backend-auth\\node_modules\\router\\lib\\route.js:157:13)\n    at Route.dispatch (C:\\Users\\farma\\OneDrive\\Desktop\\Team Task Manager\\backend-auth\\node_modules\\router\\lib\\route.js:117:3)\n    at handle (C:\\Users\\farma\\OneDrive\\Desktop\\Team Task Manager\\backend-auth\\node_modules\\router\\index.js:435:11)\n    at Layer.handleRequest (C:\\Users\\farma\\OneDrive\\Desktop\\Team Task Manager\\backend-auth\\node_modules\\router\\lib\\layer.js:152:17)\n    at C:\\Users\\farma\\OneDrive\\Desktop\\Team Task Manager\\backend-auth\\node_modules\\router\\index.js:295:15\n    at processParams (C:\\Users\\farma\\OneDrive\\Desktop\\Team Task Manager\\backend-auth\\node_modules\\router\\index.js:582:12)\n    at next (C:\\Users\\farma\\OneDrive\\Desktop\\Team Task Manager\\backend-auth\\node_modules\\router\\index.js:291:5)","timestamp":"2026-05-16 17:35:25"}
{"error":{"data":null,"errors":[],"name":"UnauthorizedError","statusCode":401,"success":false},"level":"error","message":"401 Invalid access token","service":"taskforge-backend","timestamp":"2026-05-16 17:35:25"}
{"level":"info","message":"OPTIONS /api/v1/auth/users","service":"taskforge-backend","timestamp":"2026-05-16 17:35:31"}
{"level":"info","message":"GET /api/v1/auth/users","service":"taskforge-backend","timestamp":"2026-05-16 17:35:31"}
{"level":"error","message":"Auth middleware error: Invalid access token","service":"taskforge-backend","stack":"Error: Invalid access token\n    at verifyAccessToken (file:///C:/Users/farma/OneDrive/Desktop/Team%20Task%20Manager/backend-auth/src/utils/jwt.js:23:11)\n    at authMiddleware (file:///C:/Users/farma/OneDrive/Desktop/Team%20Task%20Manager/backend-auth/src/middlewares/auth.middleware.js:13:21)\n    at Layer.handleRequest (C:\\Users\\farma\\OneDrive\\Desktop\\Team Task Manager\\backend-auth\\node_modules\\router\\lib\\layer.js:152:17)\n    at next (C:\\Users\\farma\\OneDrive\\Desktop\\Team Task Manager\\backend-auth\\node_modules\\router\\lib\\route.js:157:13)\n    at Route.dispatch (C:\\Users\\farma\\OneDrive\\Desktop\\Team Task Manager\\backend-auth\\node_modules\\router\\lib\\route.js:117:3)\n    at handle (C:\\Users\\farma\\OneDrive\\Desktop\\Team Task Manager\\backend-auth\\node_modules\\router\\index.js:435:11)\n    at Layer.handleRequest (C:\\Users\\farma\\OneDrive\\Desktop\\Team Task Manager\\backend-auth\\node_modules\\router\\lib\\layer.js:152:17)\n    at C:\\Users\\farma\\OneDrive\\Desktop\\Team Task Manager\\backend-auth\\node_modules\\router\\index.js:295:15\n    at processParams (C:\\Users\\farma\\OneDrive\\Desktop\\Team Task Manager\\backend-auth\\node_modules\\router\\index.js:582:12)\n    at next (C:\\Users\\farma\\OneDrive\\Desktop\\Team Task Manager\\backend-auth\\node_modules\\router\\index.js:291:5)","timestamp":"2026-05-16 17:35:31"}
{"error":{"data":null,"errors":[],"name":"UnauthorizedError","statusCode":401,"success":false},"level":"error","message":"401 Invalid access token","service":"taskforge-backend","timestamp":"2026-05-16 17:35:31"}
{"level":"info","message":"✅ Database connected successfully","service":"taskforge-backend","timestamp":"2026-05-16 17:35:48"}
{"level":"info","message":"\n╔════════════════════════════════════════╗\n║  🚀 TaskForge Server Started           ║\n║  Port: 5000                             ║\n║  Environment: development        ║\n║  API Docs: http://localhost:5000/api/docs ║\n╚════════════════════════════════════════╝\n      ","service":"taskforge-backend","timestamp":"2026-05-16 17:35:48"}
{"level":"info","message":"🔌 Socket connected: CKW_b2lV9jVUJnydAAAB","service":"taskforge-backend","timestamp":"2026-05-16 17:35:50"}
{"level":"info","message":"🔌 Socket disconnected: CKW_b2lV9jVUJnydAAAB","service":"taskforge-backend","timestamp":"2026-05-16 17:36:10"}
{"level":"info","message":"GET /api/v1/projects/list","service":"taskforge-backend","timestamp":"2026-05-16 17:36:15"}
{"level":"info","message":"GET /api/v1/projects/list","service":"taskforge-backend","timestamp":"2026-05-16 17:36:15"}
{"level":"info","message":"OPTIONS /api/v1/auth/register","service":"taskforge-backend","timestamp":"2026-05-16 17:37:19"}
{"level":"info","message":"POST /api/v1/auth/register","service":"taskforge-backend","timestamp":"2026-05-16 17:37:19"}
{"data":null,"errors":[],"level":"error","message":"Registration error: Email already registered","name":"ConflictError","service":"taskforge-backend","stack":"ConflictError: Email already registered\n    at AuthService.register (file:///C:/Users/farma/OneDrive/Desktop/Team%20Task%20Manager/backend-auth/src/services/auth.service.js:17:15)\n    at process.processTicksAndRejections (node:internal/process/task_queues:105:5)\n    at async file:///C:/Users/farma/OneDrive/Desktop/Team%20Task%20Manager/backend-auth/src/controllers/auth.controller.js:8:18\n    at async file:///C:/Users/farma/OneDrive/Desktop/Team%20Task%20Manager/backend-auth/src/utils/helpers.js:3:5","statusCode":409,"success":false,"timestamp":"2026-05-16 17:37:19"}
{"error":{"data":null,"errors":[],"name":"ConflictError","statusCode":409,"success":false},"level":"error","message":"409 Email already registered","service":"taskforge-backend","timestamp":"2026-05-16 17:37:19"}
{"level":"info","message":"OPTIONS /api/v1/auth/register","service":"taskforge-backend","timestamp":"2026-05-16 17:37:40"}
{"level":"info","message":"POST /api/v1/auth/register","service":"taskforge-backend","timestamp":"2026-05-16 17:37:40"}
{"level":"info","message":"New user registered: ahmad@gmail.com","service":"taskforge-backend","timestamp":"2026-05-16 17:37:40"}
{"level":"info","message":"OPTIONS /api/v1/teams","service":"taskforge-backend","timestamp":"2026-05-16 17:37:40"}
{"level":"info","message":"GET /api/v1/teams","service":"taskforge-backend","timestamp":"2026-05-16 17:37:40"}
{"level":"info","message":"OPTIONS /api/v1/tasks/me","service":"taskforge-backend","timestamp":"2026-05-16 17:37:40"}
{"level":"info","message":"GET /api/v1/tasks/me","service":"taskforge-backend","timestamp":"2026-05-16 17:37:40"}
{"level":"info","message":"🔌 Socket connected: KVmr-KS6rckTlfuYAAAE","service":"taskforge-backend","timestamp":"2026-05-16 17:37:41"}
{"level":"info","message":"GET /api/v1/tasks/me","service":"taskforge-backend","timestamp":"2026-05-16 17:37:41"}
{"level":"info","message":"🔌 Socket disconnected: KVmr-KS6rckTlfuYAAAE","service":"taskforge-backend","timestamp":"2026-05-16 17:37:54"}
{"level":"info","message":"OPTIONS /api/v1/auth/login","service":"taskforge-backend","timestamp":"2026-05-16 17:38:16"}
{"level":"info","message":"POST /api/v1/auth/login","service":"taskforge-backend","timestamp":"2026-05-16 17:38:16"}
{"data":null,"errors":[],"level":"error","message":"Login error: Invalid email or password","name":"UnauthorizedError","service":"taskforge-backend","stack":"UnauthorizedError: Invalid email or password\n    at AuthService.login (file:///C:/Users/farma/OneDrive/Desktop/Team%20Task%20Manager/backend-auth/src/services/auth.service.js:89:15)\n    at async file:///C:/Users/farma/OneDrive/Desktop/Team%20Task%20Manager/backend-auth/src/controllers/auth.controller.js:22:18\n    at async file:///C:/Users/farma/OneDrive/Desktop/Team%20Task%20Manager/backend-auth/src/utils/helpers.js:3:5","statusCode":401,"success":false,"timestamp":"2026-05-16 17:38:16"}
{"error":{"data":null,"errors":[],"name":"UnauthorizedError","statusCode":401,"success":false},"level":"error","message":"401 Invalid email or password","service":"taskforge-backend","timestamp":"2026-05-16 17:38:16"}
{"level":"info","message":"OPTIONS /api/v1/auth/refresh-token","service":"taskforge-backend","timestamp":"2026-05-16 17:38:16"}
{"level":"info","message":"POST /api/v1/auth/refresh-token","service":"taskforge-backend","timestamp":"2026-05-16 17:38:16"}
{"error":{"data":null,"errors":[{"field":"refreshToken","message":"\"refreshToken\" must be a string"}],"name":"ValidationError","statusCode":400,"success":false},"level":"error","message":"400 Validation failed","service":"taskforge-backend","timestamp":"2026-05-16 17:38:16"}
{"level":"info","message":"OPTIONS /api/v1/auth/login","service":"taskforge-backend","timestamp":"2026-05-16 17:38:25"}
{"level":"info","message":"POST /api/v1/auth/login","service":"taskforge-backend","timestamp":"2026-05-16 17:38:25"}
{"level":"info","message":"User logged in: farmanahsan77@gmail.com","service":"taskforge-backend","timestamp":"2026-05-16 17:38:25"}
{"level":"info","message":"OPTIONS /api/v1/teams","service":"taskforge-backend","timestamp":"2026-05-16 17:38:25"}
{"level":"info","message":"GET /api/v1/teams","service":"taskforge-backend","timestamp":"2026-05-16 17:38:25"}
{"level":"info","message":"🔌 Socket connected: LjLWKHEblihxRX2wAAAH","service":"taskforge-backend","timestamp":"2026-05-16 17:38:25"}
{"level":"info","message":"OPTIONS /api/v1/auth/users","service":"taskforge-backend","timestamp":"2026-05-16 17:38:32"}
{"level":"info","message":"GET /api/v1/auth/users","service":"taskforge-backend","timestamp":"2026-05-16 17:38:32"}
{"level":"info","message":"OPTIONS /api/v1/projects","service":"taskforge-backend","timestamp":"2026-05-16 17:38:53"}
{"level":"info","message":"POST /api/v1/projects","service":"taskforge-backend","timestamp":"2026-05-16 17:38:53"}
{"level":"info","message":"OPTIONS /api/v1/projects/cmp8az5bz0004ishr3lpmlaes/stats","service":"taskforge-backend","timestamp":"2026-05-16 17:38:53"}
{"level":"info","message":"GET /api/v1/projects/cmp8az5bz0004ishr3lpmlaes/stats","service":"taskforge-backend","timestamp":"2026-05-16 17:38:53"}
{"error":{"clientVersion":"7.8.0","name":"PrismaClientValidationError"},"level":"error","message":"500 \nInvalid `prisma.task.count()` invocation:\n\n{\n  select: {\n    _count: {\n      select: {\n        _all: true\n      }\n    }\n  },\n  where: {\n    projectId: \"cmp8az5bz0004ishr3lpmlaes\",\n    status: {\n      in: [\n        \"IN_PROGRESS\",\n        \"REVIEW\"\n      ]\n      ~~~~~~~~~~~~~~~\n    }\n  }\n}\n\nInvalid value for argument `in`. Expected TaskStatus.","service":"taskforge-backend","timestamp":"2026-05-16 17:38:54"}
{"level":"info","message":"OPTIONS /api/v1/auth/users","service":"taskforge-backend","timestamp":"2026-05-16 17:38:55"}
{"level":"info","message":"GET /api/v1/auth/users","service":"taskforge-backend","timestamp":"2026-05-16 17:38:55"}
{"level":"info","message":"OPTIONS /api/v1/tasks","service":"taskforge-backend","timestamp":"2026-05-16 17:39:20"}
{"level":"info","message":"POST /api/v1/tasks","service":"taskforge-backend","timestamp":"2026-05-16 17:39:20"}
{"error":{"clientVersion":"7.8.0","name":"PrismaClientValidationError"},"level":"error","message":"500 \nInvalid `prisma.task.create()` invocation:\n\n{\n  data: {\n    title: \"Disgn logo\",\n    description: \"\",\n    assignedTo: \"cmp8axkyu0000ishrunfa5u6n\",\n    priority: \"MEDIUM\",\n    dueDate: \"2026-06-02\",\n             ~~~~~~~~~~~~\n    projectId: \"cmp8az5bz0004ishr3lpmlaes\",\n    createdBy: \"cmp89woyx0000o4hr8385eiye\",\n    priorityScore: 28\n  },\n  include: {\n    assignee: true,\n    creator: true\n  }\n}\n\nInvalid value for argument `dueDate`: premature end of input. Expected ISO-8601 DateTime.","service":"taskforge-backend","timestamp":"2026-05-16 17:39:20"}
{"level":"info","message":"✅ Database connected successfully","service":"taskforge-backend","timestamp":"2026-05-16 17:39:53"}
{"level":"info","message":"\n╔════════════════════════════════════════╗\n║  🚀 TaskForge Server Started           ║\n║  Port: 5000                             ║\n║  Environment: development        ║\n║  API Docs: http://localhost:5000/api/docs ║\n╚════════════════════════════════════════╝\n      ","service":"taskforge-backend","timestamp":"2026-05-16 17:39:53"}
{"level":"info","message":"🔌 Socket connected: FAqLyJnktGlNCxiyAAAB","service":"taskforge-backend","timestamp":"2026-05-16 17:39:53"}
{"level":"info","message":"OPTIONS /api/v1/tasks","service":"taskforge-backend","timestamp":"2026-05-16 17:40:14"}
{"level":"info","message":"POST /api/v1/tasks","service":"taskforge-backend","timestamp":"2026-05-16 17:40:14"}
{"level":"info","message":"OPTIONS /api/v1/projects/cmp8az5bz0004ishr3lpmlaes/stats","service":"taskforge-backend","timestamp":"2026-05-16 17:40:14"}
{"level":"info","message":"GET /api/v1/projects/cmp8az5bz0004ishr3lpmlaes/stats","service":"taskforge-backend","timestamp":"2026-05-16 17:40:14"}
{"error":{"clientVersion":"7.8.0","name":"PrismaClientValidationError"},"level":"error","message":"500 \nInvalid `prisma.task.count()` invocation:\n\n{\n  select: {\n    _count: {\n      select: {\n        _all: true\n      }\n    }\n  },\n  where: {\n    projectId: \"cmp8az5bz0004ishr3lpmlaes\",\n    status: {\n      in: [\n        \"IN_PROGRESS\",\n        \"REVIEW\"\n      ]\n      ~~~~~~~~~~~~~~~\n    }\n  }\n}\n\nInvalid value for argument `in`. Expected TaskStatus.","service":"taskforge-backend","timestamp":"2026-05-16 17:40:14"}
{"level":"info","message":"🔌 Socket disconnected: FAqLyJnktGlNCxiyAAAB","service":"taskforge-backend","timestamp":"2026-05-16 17:40:19"}
{"level":"info","message":"OPTIONS /api/v1/auth/login","service":"taskforge-backend","timestamp":"2026-05-16 17:40:39"}
{"level":"info","message":"POST /api/v1/auth/login","service":"taskforge-backend","timestamp":"2026-05-16 17:40:39"}
{"level":"info","message":"User logged in: ahmad@gmail.com","service":"taskforge-backend","timestamp":"2026-05-16 17:40:39"}
{"level":"info","message":"OPTIONS /api/v1/teams","service":"taskforge-backend","timestamp":"2026-05-16 17:40:39"}
{"level":"info","message":"GET /api/v1/teams","service":"taskforge-backend","timestamp":"2026-05-16 17:40:39"}
{"level":"info","message":"OPTIONS /api/v1/tasks/me","service":"taskforge-backend","timestamp":"2026-05-16 17:40:39"}
{"level":"info","message":"GET /api/v1/tasks/me","service":"taskforge-backend","timestamp":"2026-05-16 17:40:39"}
{"level":"info","message":"🔌 Socket connected: 2HaHdq0ZLUasVlpGAAAE","service":"taskforge-backend","timestamp":"2026-05-16 17:40:39"}
{"level":"info","message":"GET /api/v1/tasks/me","service":"taskforge-backend","timestamp":"2026-05-16 17:40:39"}
{"level":"info","message":"OPTIONS /api/v1/tasks/cmp8b0vj10000tchr0v3ck0ql/status","service":"taskforge-backend","timestamp":"2026-05-16 17:40:44"}
{"level":"info","message":"PATCH /api/v1/tasks/cmp8b0vj10000tchr0v3ck0ql/status","service":"taskforge-backend","timestamp":"2026-05-16 17:40:44"}
{"level":"info","message":"🔌 Socket disconnected: 2HaHdq0ZLUasVlpGAAAE","service":"taskforge-backend","timestamp":"2026-05-16 17:40:51"}
{"level":"info","message":"OPTIONS /api/v1/auth/login","service":"taskforge-backend","timestamp":"2026-05-16 17:40:59"}
{"level":"info","message":"POST /api/v1/auth/login","service":"taskforge-backend","timestamp":"2026-05-16 17:40:59"}
{"level":"info","message":"User logged in: farmanahsan77@gmail.com","service":"taskforge-backend","timestamp":"2026-05-16 17:40:59"}
{"level":"info","message":"OPTIONS /api/v1/teams","service":"taskforge-backend","timestamp":"2026-05-16 17:40:59"}
{"level":"info","message":"GET /api/v1/teams","service":"taskforge-backend","timestamp":"2026-05-16 17:40:59"}
{"level":"info","message":"OPTIONS /api/v1/projects/cmp8az5bz0004ishr3lpmlaes/stats","service":"taskforge-backend","timestamp":"2026-05-16 17:40:59"}
{"level":"info","message":"OPTIONS /api/v1/projects/cmp8az5bz0004ishr3lpmlaes/stats","service":"taskforge-backend","timestamp":"2026-05-16 17:40:59"}
{"level":"info","message":"GET /api/v1/projects/cmp8az5bz0004ishr3lpmlaes/stats","service":"taskforge-backend","timestamp":"2026-05-16 17:40:59"}
{"error":{"clientVersion":"7.8.0","name":"PrismaClientValidationError"},"level":"error","message":"500 \nInvalid `prisma.task.count()` invocation:\n\n{\n  select: {\n    _count: {\n      select: {\n        _all: true\n      }\n    }\n  },\n  where: {\n    projectId: \"cmp8az5bz0004ishr3lpmlaes\",\n    status: {\n      in: [\n        \"IN_PROGRESS\",\n        \"REVIEW\"\n      ]\n      ~~~~~~~~~~~~~~~\n    }\n  }\n}\n\nInvalid value for argument `in`. Expected TaskStatus.","service":"taskforge-backend","timestamp":"2026-05-16 17:40:59"}
{"level":"info","message":"GET /api/v1/projects/cmp8az5bz0004ishr3lpmlaes/stats","service":"taskforge-backend","timestamp":"2026-05-16 17:40:59"}
{"error":{"clientVersion":"7.8.0","name":"PrismaClientValidationError"},"level":"error","message":"500 \nInvalid `prisma.task.count()` invocation:\n\n{\n  select: {\n    _count: {\n      select: {\n        _all: true\n      }\n    }\n  },\n  where: {\n    projectId: \"cmp8az5bz0004ishr3lpmlaes\",\n    status: {\n      in: [\n        \"IN_PROGRESS\",\n        \"REVIEW\"\n      ]\n      ~~~~~~~~~~~~~~~\n    }\n  }\n}\n\nInvalid value for argument `in`. Expected TaskStatus.","service":"taskforge-backend","timestamp":"2026-05-16 17:40:59"}
{"level":"info","message":"🔌 Socket connected: ZNMObyWHJxJbWnxuAAAH","service":"taskforge-backend","timestamp":"2026-05-16 17:40:59"}
{"level":"info","message":"User ZNMObyWHJxJbWnxuAAAH joined room: project_cmp8az5bz0004ishr3lpmlaes","service":"taskforge-backend","timestamp":"2026-05-16 17:42:10"}
{"level":"info","message":"OPTIONS /api/v1/projects/cmp8az5bz0004ishr3lpmlaes/stats","service":"taskforge-backend","timestamp":"2026-05-16 17:42:10"}
{"level":"info","message":"User ZNMObyWHJxJbWnxuAAAH joined room: project_cmp8az5bz0004ishr3lpmlaes","service":"taskforge-backend","timestamp":"2026-05-16 17:42:10"}
{"level":"info","message":"OPTIONS /api/v1/projects/cmp8az5bz0004ishr3lpmlaes/stats","service":"taskforge-backend","timestamp":"2026-05-16 17:42:10"}
{"level":"info","message":"GET /api/v1/projects/cmp8az5bz0004ishr3lpmlaes/stats","service":"taskforge-backend","timestamp":"2026-05-16 17:42:10"}
{"error":{"clientVersion":"7.8.0","name":"PrismaClientValidationError"},"level":"error","message":"500 \nInvalid `prisma.task.count()` invocation:\n\n{\n  select: {\n    _count: {\n      select: {\n        _all: true\n      }\n    }\n  },\n  where: {\n    projectId: \"cmp8az5bz0004ishr3lpmlaes\",\n    status: {\n      in: [\n        \"IN_PROGRESS\",\n        \"REVIEW\"\n      ]\n      ~~~~~~~~~~~~~~~\n    }\n  }\n}\n\nInvalid value for argument `in`. Expected TaskStatus.","service":"taskforge-backend","timestamp":"2026-05-16 17:42:10"}
{"level":"info","message":"GET /api/v1/projects/cmp8az5bz0004ishr3lpmlaes/stats","service":"taskforge-backend","timestamp":"2026-05-16 17:42:10"}
{"error":{"clientVersion":"7.8.0","name":"PrismaClientValidationError"},"level":"error","message":"500 \nInvalid `prisma.task.count()` invocation:\n\n{\n  select: {\n    _count: {\n      select: {\n        _all: true\n      }\n    }\n  },\n  where: {\n    projectId: \"cmp8az5bz0004ishr3lpmlaes\",\n    status: {\n      in: [\n        \"IN_PROGRESS\",\n        \"REVIEW\"\n      ]\n      ~~~~~~~~~~~~~~~\n    }\n  }\n}\n\nInvalid value for argument `in`. Expected TaskStatus.","service":"taskforge-backend","timestamp":"2026-05-16 17:42:10"}
{"level":"info","message":"User ZNMObyWHJxJbWnxuAAAH joined room: project_cmp8az5bz0004ishr3lpmlaes","service":"taskforge-backend","timestamp":"2026-05-16 17:42:15"}
{"level":"info","message":"GET /api/v1/projects/cmp8az5bz0004ishr3lpmlaes/stats","service":"taskforge-backend","timestamp":"2026-05-16 17:42:15"}
{"error":{"clientVersion":"7.8.0","name":"PrismaClientValidationError"},"level":"error","message":"500 \nInvalid `prisma.task.count()` invocation:\n\n{\n  select: {\n    _count: {\n      select: {\n        _all: true\n      }\n    }\n  },\n  where: {\n    projectId: \"cmp8az5bz0004ishr3lpmlaes\",\n    status: {\n      in: [\n        \"IN_PROGRESS\",\n        \"REVIEW\"\n      ]\n      ~~~~~~~~~~~~~~~\n    }\n  }\n}\n\nInvalid value for argument `in`. Expected TaskStatus.","service":"taskforge-backend","timestamp":"2026-05-16 17:42:15"}
{"level":"info","message":"🔌 Socket disconnected: ZNMObyWHJxJbWnxuAAAH","service":"taskforge-backend","timestamp":"2026-05-16 17:43:36"}
{"level":"info","message":"OPTIONS /api/v1/auth/login","service":"taskforge-backend","timestamp":"2026-05-16 17:43:50"}
{"level":"info","message":"POST /api/v1/auth/login","service":"taskforge-backend","timestamp":"2026-05-16 17:43:50"}
{"level":"info","message":"User logged in: ahmad@gmail.com","service":"taskforge-backend","timestamp":"2026-05-16 17:43:50"}
{"level":"info","message":"OPTIONS /api/v1/teams","service":"taskforge-backend","timestamp":"2026-05-16 17:43:50"}
{"level":"info","message":"GET /api/v1/teams","service":"taskforge-backend","timestamp":"2026-05-16 17:43:50"}
{"level":"info","message":"OPTIONS /api/v1/tasks/me","service":"taskforge-backend","timestamp":"2026-05-16 17:43:50"}
{"level":"info","message":"GET /api/v1/tasks/me","service":"taskforge-backend","timestamp":"2026-05-16 17:43:50"}
{"level":"info","message":"🔌 Socket connected: j6_ztLDOebIB4gxbAAAK","service":"taskforge-backend","timestamp":"2026-05-16 17:43:50"}
{"level":"info","message":"User j6_ztLDOebIB4gxbAAAK joined room: project_cmp8az5bz0004ishr3lpmlaes","service":"taskforge-backend","timestamp":"2026-05-16 17:43:50"}
{"level":"info","message":"GET /api/v1/tasks/me","service":"taskforge-backend","timestamp":"2026-05-16 17:43:50"}
{"level":"info","message":"🔌 Socket disconnected: j6_ztLDOebIB4gxbAAAK","service":"taskforge-backend","timestamp":"2026-05-16 17:43:59"}
{"level":"info","message":"OPTIONS /api/v1/auth/login","service":"taskforge-backend","timestamp":"2026-05-16 17:44:06"}
{"level":"info","message":"POST /api/v1/auth/login","service":"taskforge-backend","timestamp":"2026-05-16 17:44:06"}
{"level":"info","message":"User logged in: farmanahsan77@gmail.com","service":"taskforge-backend","timestamp":"2026-05-16 17:44:06"}
{"level":"info","message":"OPTIONS /api/v1/teams","service":"taskforge-backend","timestamp":"2026-05-16 17:44:06"}
{"level":"info","message":"GET /api/v1/teams","service":"taskforge-backend","timestamp":"2026-05-16 17:44:06"}
{"level":"info","message":"OPTIONS /api/v1/projects/cmp8az5bz0004ishr3lpmlaes/stats","service":"taskforge-backend","timestamp":"2026-05-16 17:44:06"}
{"level":"info","message":"OPTIONS /api/v1/projects/cmp8az5bz0004ishr3lpmlaes/stats","service":"taskforge-backend","timestamp":"2026-05-16 17:44:06"}
{"level":"info","message":"GET /api/v1/projects/cmp8az5bz0004ishr3lpmlaes/stats","service":"taskforge-backend","timestamp":"2026-05-16 17:44:06"}
{"error":{"clientVersion":"7.8.0","name":"PrismaClientValidationError"},"level":"error","message":"500 \nInvalid `prisma.task.count()` invocation:\n\n{\n  select: {\n    _count: {\n      select: {\n        _all: true\n      }\n    }\n  },\n  where: {\n    projectId: \"cmp8az5bz0004ishr3lpmlaes\",\n    status: {\n      in: [\n        \"IN_PROGRESS\",\n        \"REVIEW\"\n      ]\n      ~~~~~~~~~~~~~~~\n    }\n  }\n}\n\nInvalid value for argument `in`. Expected TaskStatus.","service":"taskforge-backend","timestamp":"2026-05-16 17:44:06"}
{"level":"info","message":"GET /api/v1/projects/cmp8az5bz0004ishr3lpmlaes/stats","service":"taskforge-backend","timestamp":"2026-05-16 17:44:06"}
{"error":{"clientVersion":"7.8.0","name":"PrismaClientValidationError"},"level":"error","message":"500 \nInvalid `prisma.task.count()` invocation:\n\n{\n  select: {\n    _count: {\n      select: {\n        _all: true\n      }\n    }\n  },\n  where: {\n    projectId: \"cmp8az5bz0004ishr3lpmlaes\",\n    status: {\n      in: [\n        \"IN_PROGRESS\",\n        \"REVIEW\"\n      ]\n      ~~~~~~~~~~~~~~~\n    }\n  }\n}\n\nInvalid value for argument `in`. Expected TaskStatus.","service":"taskforge-backend","timestamp":"2026-05-16 17:44:06"}
{"level":"info","message":"🔌 Socket connected: 22J2MeumHZbzZwEaAAAN","service":"taskforge-backend","timestamp":"2026-05-16 17:44:06"}
{"level":"info","message":"User 22J2MeumHZbzZwEaAAAN joined room: project_cmp8az5bz0004ishr3lpmlaes","service":"taskforge-backend","timestamp":"2026-05-16 17:44:06"}
{"level":"info","message":"OPTIONS /api/v1/auth/users","service":"taskforge-backend","timestamp":"2026-05-16 17:44:08"}
{"level":"info","message":"GET /api/v1/auth/users","service":"taskforge-backend","timestamp":"2026-05-16 17:44:08"}
{"level":"info","message":"OPTIONS /api/v1/tasks","service":"taskforge-backend","timestamp":"2026-05-16 17:44:24"}
{"level":"info","message":"POST /api/v1/tasks","service":"taskforge-backend","timestamp":"2026-05-16 17:44:24"}
{"level":"info","message":"OPTIONS /api/v1/projects/cmp8az5bz0004ishr3lpmlaes/stats","service":"taskforge-backend","timestamp":"2026-05-16 17:44:24"}
{"level":"info","message":"GET /api/v1/projects/cmp8az5bz0004ishr3lpmlaes/stats","service":"taskforge-backend","timestamp":"2026-05-16 17:44:24"}
{"error":{"clientVersion":"7.8.0","name":"PrismaClientValidationError"},"level":"error","message":"500 \nInvalid `prisma.task.count()` invocation:\n\n{\n  select: {\n    _count: {\n      select: {\n        _all: true\n      }\n    }\n  },\n  where: {\n    projectId: \"cmp8az5bz0004ishr3lpmlaes\",\n    status: {\n      in: [\n        \"IN_PROGRESS\",\n        \"REVIEW\"\n      ]\n      ~~~~~~~~~~~~~~~\n    }\n  }\n}\n\nInvalid value for argument `in`. Expected TaskStatus.","service":"taskforge-backend","timestamp":"2026-05-16 17:44:24"}
{"level":"info","message":"GET /api/v1/projects/cmp8az5bz0004ishr3lpmlaes/stats","service":"taskforge-backend","timestamp":"2026-05-16 17:44:24"}
{"error":{"clientVersion":"7.8.0","name":"PrismaClientValidationError"},"level":"error","message":"500 \nInvalid `prisma.task.count()` invocation:\n\n{\n  select: {\n    _count: {\n      select: {\n        _all: true\n      }\n    }\n  },\n  where: {\n    projectId: \"cmp8az5bz0004ishr3lpmlaes\",\n    status: {\n      in: [\n        \"IN_PROGRESS\",\n        \"REVIEW\"\n      ]\n      ~~~~~~~~~~~~~~~\n    }\n  }\n}\n\nInvalid value for argument `in`. Expected TaskStatus.","service":"taskforge-backend","timestamp":"2026-05-16 17:44:24"}
{"level":"info","message":"🔌 Socket disconnected: 22J2MeumHZbzZwEaAAAN","service":"taskforge-backend","timestamp":"2026-05-16 17:44:27"}
{"level":"info","message":"OPTIONS /api/v1/auth/login","service":"taskforge-backend","timestamp":"2026-05-16 17:44:46"}
{"level":"info","message":"POST /api/v1/auth/login","service":"taskforge-backend","timestamp":"2026-05-16 17:44:46"}
{"level":"info","message":"User logged in: ahmad@gmail.com","service":"taskforge-backend","timestamp":"2026-05-16 17:44:46"}
{"level":"info","message":"OPTIONS /api/v1/teams","service":"taskforge-backend","timestamp":"2026-05-16 17:44:46"}
{"level":"info","message":"GET /api/v1/teams","service":"taskforge-backend","timestamp":"2026-05-16 17:44:46"}
{"level":"info","message":"OPTIONS /api/v1/tasks/me","service":"taskforge-backend","timestamp":"2026-05-16 17:44:46"}
{"level":"info","message":"GET /api/v1/tasks/me","service":"taskforge-backend","timestamp":"2026-05-16 17:44:46"}
{"level":"info","message":"OPTIONS /api/v1/tasks/me","service":"taskforge-backend","timestamp":"2026-05-16 17:44:46"}
{"level":"info","message":"🔌 Socket connected: Kpo27HisPpZTqdGsAAAQ","service":"taskforge-backend","timestamp":"2026-05-16 17:44:46"}
{"level":"info","message":"User Kpo27HisPpZTqdGsAAAQ joined room: project_cmp8az5bz0004ishr3lpmlaes","service":"taskforge-backend","timestamp":"2026-05-16 17:44:46"}
{"level":"info","message":"GET /api/v1/tasks/me","service":"taskforge-backend","timestamp":"2026-05-16 17:44:46"}
{"level":"info","message":"OPTIONS /api/v1/tasks/cmp8b688a0003tchr7ofov9gi/status","service":"taskforge-backend","timestamp":"2026-05-16 17:44:49"}
{"level":"info","message":"PATCH /api/v1/tasks/cmp8b688a0003tchr7ofov9gi/status","service":"taskforge-backend","timestamp":"2026-05-16 17:44:49"}
{"level":"info","message":"GET /api/v1/tasks/me","service":"taskforge-backend","timestamp":"2026-05-16 17:44:50"}
{"level":"info","message":"🔌 Socket disconnected: Kpo27HisPpZTqdGsAAAQ","service":"taskforge-backend","timestamp":"2026-05-16 17:44:52"}
{"level":"info","message":"OPTIONS /api/v1/auth/login","service":"taskforge-backend","timestamp":"2026-05-16 17:44:59"}
{"level":"info","message":"POST /api/v1/auth/login","service":"taskforge-backend","timestamp":"2026-05-16 17:44:59"}
{"level":"info","message":"User logged in: farmanahsan77@gmail.com","service":"taskforge-backend","timestamp":"2026-05-16 17:44:59"}
{"level":"info","message":"OPTIONS /api/v1/teams","service":"taskforge-backend","timestamp":"2026-05-16 17:44:59"}
{"level":"info","message":"GET /api/v1/teams","service":"taskforge-backend","timestamp":"2026-05-16 17:44:59"}
{"level":"info","message":"OPTIONS /api/v1/projects/cmp8az5bz0004ishr3lpmlaes/stats","service":"taskforge-backend","timestamp":"2026-05-16 17:44:59"}
{"level":"info","message":"GET /api/v1/projects/cmp8az5bz0004ishr3lpmlaes/stats","service":"taskforge-backend","timestamp":"2026-05-16 17:44:59"}
{"error":{"clientVersion":"7.8.0","name":"PrismaClientValidationError"},"level":"error","message":"500 \nInvalid `prisma.task.count()` invocation:\n\n{\n  select: {\n    _count: {\n      select: {\n        _all: true\n      }\n    }\n  },\n  where: {\n    projectId: \"cmp8az5bz0004ishr3lpmlaes\",\n    status: {\n      in: [\n        \"IN_PROGRESS\",\n        \"REVIEW\"\n      ]\n      ~~~~~~~~~~~~~~~\n    }\n  }\n}\n\nInvalid value for argument `in`. Expected TaskStatus.","service":"taskforge-backend","timestamp":"2026-05-16 17:44:59"}
{"level":"info","message":"GET /api/v1/projects/cmp8az5bz0004ishr3lpmlaes/stats","service":"taskforge-backend","timestamp":"2026-05-16 17:44:59"}
{"error":{"clientVersion":"7.8.0","name":"PrismaClientValidationError"},"level":"error","message":"500 \nInvalid `prisma.task.count()` invocation:\n\n{\n  select: {\n    _count: {\n      select: {\n        _all: true\n      }\n    }\n  },\n  where: {\n    projectId: \"cmp8az5bz0004ishr3lpmlaes\",\n    status: {\n      in: [\n        \"IN_PROGRESS\",\n        \"REVIEW\"\n      ]\n      ~~~~~~~~~~~~~~~\n    }\n  }\n}\n\nInvalid value for argument `in`. Expected TaskStatus.","service":"taskforge-backend","timestamp":"2026-05-16 17:44:59"}
{"level":"info","message":"🔌 Socket connected: IAsxH9AOS6SyDF5BAAAT","service":"taskforge-backend","timestamp":"2026-05-16 17:44:59"}
{"level":"info","message":"User IAsxH9AOS6SyDF5BAAAT joined room: project_cmp8az5bz0004ishr3lpmlaes","service":"taskforge-backend","timestamp":"2026-05-16 17:44:59"}
{"level":"info","message":"✅ Database connected successfully","service":"taskforge-backend","timestamp":"2026-05-16 17:46:05"}
{"level":"info","message":"\n╔════════════════════════════════════════╗\n║  🚀 TaskForge Server Started           ║\n║  Port: 5000                             ║\n║  Environment: development        ║\n║  API Docs: http://localhost:5000/api/docs ║\n╚════════════════════════════════════════╝\n      ","service":"taskforge-backend","timestamp":"2026-05-16 17:46:05"}
{"level":"info","message":"🔌 Socket connected: Z8f8P0EZNPaMkxKSAAAB","service":"taskforge-backend","timestamp":"2026-05-16 17:46:05"}
{"level":"info","message":"✅ Database connected successfully","service":"taskforge-backend","timestamp":"2026-05-16 17:46:18"}
{"level":"info","message":"\n╔════════════════════════════════════════╗\n║  🚀 TaskForge Server Started           ║\n║  Port: 5000                             ║\n║  Environment: development        ║\n║  API Docs: http://localhost:5000/api/docs ║\n╚════════════════════════════════════════╝\n      ","service":"taskforge-backend","timestamp":"2026-05-16 17:46:18"}
{"level":"info","message":"🔌 Socket connected: Lp9BrrgP1-J2u3d7AAAB","service":"taskforge-backend","timestamp":"2026-05-16 17:46:18"}
{"level":"info","message":"User Lp9BrrgP1-J2u3d7AAAB joined room: project_cmp8az5bz0004ishr3lpmlaes","service":"taskforge-backend","timestamp":"2026-05-16 17:46:31"}
{"level":"info","message":"OPTIONS /api/v1/projects/cmp8az5bz0004ishr3lpmlaes/stats","service":"taskforge-backend","timestamp":"2026-05-16 17:46:31"}
{"level":"info","message":"GET /api/v1/projects/cmp8az5bz0004ishr3lpmlaes/stats","service":"taskforge-backend","timestamp":"2026-05-16 17:46:31"}
{"error":{"clientVersion":"7.8.0","name":"PrismaClientValidationError"},"level":"error","message":"500 \nInvalid `prisma.task.count()` invocation:\n\n{\n  select: {\n    _count: {\n      select: {\n        _all: true\n      }\n    }\n  },\n  where: {\n    projectId: \"cmp8az5bz0004ishr3lpmlaes\",\n    status: {\n      in: [\n        \"IN_PROGRESS\",\n        \"REVIEW\"\n      ]\n      ~~~~~~~~~~~~~~~\n    }\n  }\n}\n\nInvalid value for argument `in`. Expected TaskStatus.","service":"taskforge-backend","timestamp":"2026-05-16 17:46:31"}
{"level":"info","message":"OPTIONS /api/v1/auth/users","service":"taskforge-backend","timestamp":"2026-05-16 17:46:44"}
{"level":"info","message":"GET /api/v1/auth/users","service":"taskforge-backend","timestamp":"2026-05-16 17:46:44"}
{"level":"info","message":"OPTIONS /api/v1/tasks","service":"taskforge-backend","timestamp":"2026-05-16 17:47:00"}
{"level":"info","message":"POST /api/v1/tasks","service":"taskforge-backend","timestamp":"2026-05-16 17:47:00"}
{"level":"info","message":"OPTIONS /api/v1/projects/cmp8az5bz0004ishr3lpmlaes/stats","service":"taskforge-backend","timestamp":"2026-05-16 17:47:00"}
{"level":"info","message":"GET /api/v1/projects/cmp8az5bz0004ishr3lpmlaes/stats","service":"taskforge-backend","timestamp":"2026-05-16 17:47:00"}
{"error":{"clientVersion":"7.8.0","name":"PrismaClientValidationError"},"level":"error","message":"500 \nInvalid `prisma.task.count()` invocation:\n\n{\n  select: {\n    _count: {\n      select: {\n        _all: true\n      }\n    }\n  },\n  where: {\n    projectId: \"cmp8az5bz0004ishr3lpmlaes\",\n    status: {\n      in: [\n        \"IN_PROGRESS\",\n        \"REVIEW\"\n      ]\n      ~~~~~~~~~~~~~~~\n    }\n  }\n}\n\nInvalid value for argument `in`. Expected TaskStatus.","service":"taskforge-backend","timestamp":"2026-05-16 17:47:00"}
{"level":"info","message":"GET /api/v1/projects/cmp8az5bz0004ishr3lpmlaes/stats","service":"taskforge-backend","timestamp":"2026-05-16 17:47:00"}
{"error":{"clientVersion":"7.8.0","name":"PrismaClientValidationError"},"level":"error","message":"500 \nInvalid `prisma.task.count()` invocation:\n\n{\n  select: {\n    _count: {\n      select: {\n        _all: true\n      }\n    }\n  },\n  where: {\n    projectId: \"cmp8az5bz0004ishr3lpmlaes\",\n    status: {\n      in: [\n        \"IN_PROGRESS\",\n        \"REVIEW\"\n      ]\n      ~~~~~~~~~~~~~~~\n    }\n  }\n}\n\nInvalid value for argument `in`. Expected TaskStatus.","service":"taskforge-backend","timestamp":"2026-05-16 17:47:00"}
{"level":"info","message":"🔌 Socket disconnected: Lp9BrrgP1-J2u3d7AAAB","service":"taskforge-backend","timestamp":"2026-05-16 17:47:04"}
{"level":"info","message":"OPTIONS /api/v1/auth/login","service":"taskforge-backend","timestamp":"2026-05-16 17:47:23"}
{"level":"info","message":"POST /api/v1/auth/login","service":"taskforge-backend","timestamp":"2026-05-16 17:47:23"}
{"level":"info","message":"User logged in: ahmad@gmail.com","service":"taskforge-backend","timestamp":"2026-05-16 17:47:23"}
{"level":"info","message":"OPTIONS /api/v1/teams","service":"taskforge-backend","timestamp":"2026-05-16 17:47:23"}
{"level":"info","message":"GET /api/v1/teams","service":"taskforge-backend","timestamp":"2026-05-16 17:47:23"}
{"level":"info","message":"OPTIONS /api/v1/tasks/me","service":"taskforge-backend","timestamp":"2026-05-16 17:47:23"}
{"level":"info","message":"GET /api/v1/tasks/me","service":"taskforge-backend","timestamp":"2026-05-16 17:47:23"}
{"level":"info","message":"🔌 Socket connected: vc2XX4hxVmMgEsCSAAAE","service":"taskforge-backend","timestamp":"2026-05-16 17:47:23"}
{"level":"info","message":"User vc2XX4hxVmMgEsCSAAAE joined room: project_cmp8az5bz0004ishr3lpmlaes","service":"taskforge-backend","timestamp":"2026-05-16 17:47:23"}
{"level":"info","message":"GET /api/v1/tasks/me","service":"taskforge-backend","timestamp":"2026-05-16 17:47:23"}
{"level":"info","message":"OPTIONS /api/v1/tasks/cmp8b9kqc0000qohrbp4yoz22/status","service":"taskforge-backend","timestamp":"2026-05-16 17:47:26"}
{"level":"info","message":"PATCH /api/v1/tasks/cmp8b9kqc0000qohrbp4yoz22/status","service":"taskforge-backend","timestamp":"2026-05-16 17:47:26"}
{"level":"info","message":"GET /api/v1/tasks/me","service":"taskforge-backend","timestamp":"2026-05-16 17:47:26"}
{"level":"info","message":"🔌 Socket disconnected: vc2XX4hxVmMgEsCSAAAE","service":"taskforge-backend","timestamp":"2026-05-16 17:47:30"}
{"level":"info","message":"OPTIONS /api/v1/auth/login","service":"taskforge-backend","timestamp":"2026-05-16 17:47:37"}
{"level":"info","message":"POST /api/v1/auth/login","service":"taskforge-backend","timestamp":"2026-05-16 17:47:37"}
{"level":"info","message":"User logged in: farmanahsan77@gmail.com","service":"taskforge-backend","timestamp":"2026-05-16 17:47:37"}
{"level":"info","message":"OPTIONS /api/v1/teams","service":"taskforge-backend","timestamp":"2026-05-16 17:47:37"}
{"level":"info","message":"GET /api/v1/teams","service":"taskforge-backend","timestamp":"2026-05-16 17:47:37"}
{"level":"info","message":"OPTIONS /api/v1/projects/cmp8az5bz0004ishr3lpmlaes/stats","service":"taskforge-backend","timestamp":"2026-05-16 17:47:37"}
{"level":"info","message":"OPTIONS /api/v1/projects/cmp8az5bz0004ishr3lpmlaes/stats","service":"taskforge-backend","timestamp":"2026-05-16 17:47:37"}
{"level":"info","message":"GET /api/v1/projects/cmp8az5bz0004ishr3lpmlaes/stats","service":"taskforge-backend","timestamp":"2026-05-16 17:47:37"}
{"error":{"clientVersion":"7.8.0","name":"PrismaClientValidationError"},"level":"error","message":"500 \nInvalid `prisma.task.count()` invocation:\n\n{\n  select: {\n    _count: {\n      select: {\n        _all: true\n      }\n    }\n  },\n  where: {\n    projectId: \"cmp8az5bz0004ishr3lpmlaes\",\n    status: {\n      in: [\n        \"IN_PROGRESS\",\n        \"REVIEW\"\n      ]\n      ~~~~~~~~~~~~~~~\n    }\n  }\n}\n\nInvalid value for argument `in`. Expected TaskStatus.","service":"taskforge-backend","timestamp":"2026-05-16 17:47:37"}
{"level":"info","message":"GET /api/v1/projects/cmp8az5bz0004ishr3lpmlaes/stats","service":"taskforge-backend","timestamp":"2026-05-16 17:47:37"}
{"error":{"clientVersion":"7.8.0","name":"PrismaClientValidationError"},"level":"error","message":"500 \nInvalid `prisma.task.count()` invocation:\n\n{\n  select: {\n    _count: {\n      select: {\n        _all: true\n      }\n    }\n  },\n  where: {\n    projectId: \"cmp8az5bz0004ishr3lpmlaes\",\n    status: {\n      in: [\n        \"IN_PROGRESS\",\n        \"REVIEW\"\n      ]\n      ~~~~~~~~~~~~~~~\n    }\n  }\n}\n\nInvalid value for argument `in`. Expected TaskStatus.","service":"taskforge-backend","timestamp":"2026-05-16 17:47:37"}
{"level":"info","message":"🔌 Socket connected: 8Ha6N-zwQVIw5Wm7AAAH","service":"taskforge-backend","timestamp":"2026-05-16 17:47:37"}
{"level":"info","message":"User 8Ha6N-zwQVIw5Wm7AAAH joined room: project_cmp8az5bz0004ishr3lpmlaes","service":"taskforge-backend","timestamp":"2026-05-16 17:47:37"}
{"level":"info","message":"✅ Database connected successfully","service":"taskforge-backend","timestamp":"2026-05-16 17:48:24"}
{"level":"info","message":"\n╔════════════════════════════════════════╗\n║  🚀 TaskForge Server Started           ║\n║  Port: 5000                             ║\n║  Environment: development        ║\n║  API Docs: http://localhost:5000/api/docs ║\n╚════════════════════════════════════════╝\n      ","service":"taskforge-backend","timestamp":"2026-05-16 17:48:24"}
{"level":"info","message":"🔌 Socket connected: HJYFiFWL6sCGfVeoAAAB","service":"taskforge-backend","timestamp":"2026-05-16 17:48:24"}
{"level":"info","message":"HEAD /api/v1/projects/debug/tasks","service":"taskforge-backend","timestamp":"2026-05-16 17:48:28"}
{"data":null,"errors":[],"level":"error","message":"Auth middleware error: No authentication token provided","name":"UnauthorizedError","service":"taskforge-backend","stack":"UnauthorizedError: No authentication token provided\n    at authMiddleware (file:///C:/Users/farma/OneDrive/Desktop/Team%20Task%20Manager/backend-auth/src/middlewares/auth.middleware.js:10:13)\n    at Layer.handleRequest (C:\\Users\\farma\\OneDrive\\Desktop\\Team Task Manager\\backend-auth\\node_modules\\router\\lib\\layer.js:152:17)\n    at trimPrefix (C:\\Users\\farma\\OneDrive\\Desktop\\Team Task Manager\\backend-auth\\node_modules\\router\\index.js:342:13)\n    at C:\\Users\\farma\\OneDrive\\Desktop\\Team Task Manager\\backend-auth\\node_modules\\router\\index.js:297:9\n    at processParams (C:\\Users\\farma\\OneDrive\\Desktop\\Team Task Manager\\backend-auth\\node_modules\\router\\index.js:582:12)\n    at next (C:\\Users\\farma\\OneDrive\\Desktop\\Team Task Manager\\backend-auth\\node_modules\\router\\index.js:291:5)\n    at Function.handle (C:\\Users\\farma\\OneDrive\\Desktop\\Team Task Manager\\backend-auth\\node_modules\\router\\index.js:186:3)\n    at router (C:\\Users\\farma\\OneDrive\\Desktop\\Team Task Manager\\backend-auth\\node_modules\\router\\index.js:60:12)\n    at Layer.handleRequest (C:\\Users\\farma\\OneDrive\\Desktop\\Team Task Manager\\backend-auth\\node_modules\\router\\lib\\layer.js:152:17)\n    at trimPrefix (C:\\Users\\farma\\OneDrive\\Desktop\\Team Task Manager\\backend-auth\\node_modules\\router\\index.js:342:13)","statusCode":401,"success":false,"timestamp":"2026-05-16 17:48:28"}
{"error":{"data":null,"errors":[],"name":"UnauthorizedError","statusCode":401,"success":false},"level":"error","message":"401 No authentication token provided","service":"taskforge-backend","timestamp":"2026-05-16 17:48:28"}
{"level":"info","message":"GET /api/v1/projects/debug/tasks","service":"taskforge-backend","timestamp":"2026-05-16 17:48:28"}
{"data":null,"errors":[],"level":"error","message":"Auth middleware error: No authentication token provided","name":"UnauthorizedError","service":"taskforge-backend","stack":"UnauthorizedError: No authentication token provided\n    at authMiddleware (file:///C:/Users/farma/OneDrive/Desktop/Team%20Task%20Manager/backend-auth/src/middlewares/auth.middleware.js:10:13)\n    at Layer.handleRequest (C:\\Users\\farma\\OneDrive\\Desktop\\Team Task Manager\\backend-auth\\node_modules\\router\\lib\\layer.js:152:17)\n    at trimPrefix (C:\\Users\\farma\\OneDrive\\Desktop\\Team Task Manager\\backend-auth\\node_modules\\router\\index.js:342:13)\n    at C:\\Users\\farma\\OneDrive\\Desktop\\Team Task Manager\\backend-auth\\node_modules\\router\\index.js:297:9\n    at processParams (C:\\Users\\farma\\OneDrive\\Desktop\\Team Task Manager\\backend-auth\\node_modules\\router\\index.js:582:12)\n    at next (C:\\Users\\farma\\OneDrive\\Desktop\\Team Task Manager\\backend-auth\\node_modules\\router\\index.js:291:5)\n    at Function.handle (C:\\Users\\farma\\OneDrive\\Desktop\\Team Task Manager\\backend-auth\\node_modules\\router\\index.js:186:3)\n    at router (C:\\Users\\farma\\OneDrive\\Desktop\\Team Task Manager\\backend-auth\\node_modules\\router\\index.js:60:12)\n    at Layer.handleRequest (C:\\Users\\farma\\OneDrive\\Desktop\\Team Task Manager\\backend-auth\\node_modules\\router\\lib\\layer.js:152:17)\n    at trimPrefix (C:\\Users\\farma\\OneDrive\\Desktop\\Team Task Manager\\backend-auth\\node_modules\\router\\index.js:342:13)","statusCode":401,"success":false,"timestamp":"2026-05-16 17:48:28"}
{"error":{"data":null,"errors":[],"name":"UnauthorizedError","statusCode":401,"success":false},"level":"error","message":"401 No authentication token provided","service":"taskforge-backend","timestamp":"2026-05-16 17:48:28"}
{"level":"info","message":"✅ Database connected successfully","service":"taskforge-backend","timestamp":"2026-05-16 17:48:33"}
{"level":"info","message":"\n╔════════════════════════════════════════╗\n║  🚀 TaskForge Server Started           ║\n║  Port: 5000                             ║\n║  Environment: development        ║\n║  API Docs: http://localhost:5000/api/docs ║\n╚════════════════════════════════════════╝\n      ","service":"taskforge-backend","timestamp":"2026-05-16 17:48:33"}
{"level":"info","message":"🔌 Socket connected: RcrGJKEM7kjZNO1mAAAB","service":"taskforge-backend","timestamp":"2026-05-16 17:48:34"}
{"level":"info","message":"HEAD /api/v1/projects/debug/tasks","service":"taskforge-backend","timestamp":"2026-05-16 17:48:37"}
{"level":"info","message":"GET /api/v1/projects/debug/tasks","service":"taskforge-backend","timestamp":"2026-05-16 17:48:37"}
{"level":"info","message":"User RcrGJKEM7kjZNO1mAAAB joined room: project_cmp8az5bz0004ishr3lpmlaes","service":"taskforge-backend","timestamp":"2026-05-16 17:49:02"}
{"level":"info","message":"OPTIONS /api/v1/projects/cmp8az5bz0004ishr3lpmlaes/stats","service":"taskforge-backend","timestamp":"2026-05-16 17:49:02"}
{"level":"info","message":"GET /api/v1/projects/cmp8az5bz0004ishr3lpmlaes/stats","service":"taskforge-backend","timestamp":"2026-05-16 17:49:02"}
{"error":{"clientVersion":"7.8.0","name":"PrismaClientValidationError"},"level":"error","message":"500 \nInvalid `prisma.task.count()` invocation:\n\n{\n  select: {\n    _count: {\n      select: {\n        _all: true\n      }\n    }\n  },\n  where: {\n    projectId: \"cmp8az5bz0004ishr3lpmlaes\",\n    status: {\n      in: [\n        \"IN_PROGRESS\",\n        \"REVIEW\"\n      ]\n      ~~~~~~~~~~~~~~~\n    }\n  }\n}\n\nInvalid value for argument `in`. Expected TaskStatus.","service":"taskforge-backend","timestamp":"2026-05-16 17:49:02"}
{"level":"info","message":"🔌 Socket disconnected: RcrGJKEM7kjZNO1mAAAB","service":"taskforge-backend","timestamp":"2026-05-16 17:53:29"}
{"level":"info","message":"🔌 Socket connected: 7CFP9PBbssovmib2AAAD","service":"taskforge-backend","timestamp":"2026-05-16 18:19:01"}
{"level":"info","message":"🔌 Socket disconnected: 7CFP9PBbssovmib2AAAD","service":"taskforge-backend","timestamp":"2026-05-16 18:24:46"}
{"level":"info","message":"🔌 Socket connected: FJqB2AuuLEPwgdn4AAAF","service":"taskforge-backend","timestamp":"2026-05-16 18:29:56"}
